{
    "keywords": "2024_Political_Science_MCQs",
    "example": [
        {
            "year": "2024",
            "category": "全国甲卷",
            "question": "1. 数据显示，近些年公交票价基本没有上涨，乘坐公交车的人每年都在流失，客流量平均每年减少2.41%；2024年4月底，我国电动自行车保有量已超过3.5亿辆，连续多年保持两位数增长。据此对公交车客流量减少原因的分析，合理的是(   )\n①公交公司运营成本难以降低，票价相对较高\n②电动自行车生产标准高、质量好，出行更安全\n③电动自行车出行方便快捷，对公交出行有替代作用\n④公交出行易受外部因素影响，难以准时，吸引力下降\nA. ①②\tB. ①④\tC. ②③\tD. ③④",
            "answer": [
                "D"
            ],
            "analysis": "【详解】①：近些年公交票价基本没有上涨，未体现我国公交公司运营成本难以降低，票价相对较高也与事实不想符合，①错误。\n②：电动车的生产标准并不高，有些产品质量也不好，出行并不安全，②说法与事实不符，②不选。\n③：电动自行车相对于公交车而言，更加方便快捷，是公交出行的替代品，因此会造成公交车客流量减少，③正确。\n④：公交出行受道路状况等影响较大，难以准时，因此会造成公交车客流量减少，④正确。\n故本题选D",
            "index": 0,
            "score": 4
        },
        {
            "year": "2024",
            "category": "全国甲卷",
            "question": "2. “不是甲商品买不起，而是乙商品更有性价比”，这是2023年年底爆红的一个“性价比”句式。例如，前段时间在短视频平台刷屏的“不是羽绒服买不起，而是军大衣更有性价比”，视频中“00后”大学生们裹着军大衣上课、逛街、爬山，乐此不疲。“性价比”句式反映出当今不少年轻人(   )\n①“可以买贵的，不能买贵了”的消费观念\n②“不买贵的，也不能买贵了”的消费观念\n③对商品价格敏感，但并未忽视高品质商品的消费取向\n④对商品需求弹性大，容易放弃高品质商品的消费取向\nA. ①③\tB. ①④\tC. ②③\tD. ②④",
            "answer": [
                "A"
            ],
            "analysis": "【详解】①：商品是使用价值和价值的统一体，我们可以买贵的商品，其使用价值和价值相匹配，但不能买的价格高于其价值，①正确。\n②：年轻人的消费观念并不是不能买价格高的商品，而是更加追求使用价值和价值相匹配，也就是性价比更高，②错误。\n③：“性价比”句式反映出当今不少年轻人注重商品价格，但是并不意味着年轻人忽视高品质商品 消费，而是追求使用价值和价值的统一，③正确。\n④：高档耐用品的需求弹性大，年轻人追求“性价比”并不会导致对商品的需求弹性大，追求性价比也不代表会放弃对高品质商品的消费取向，④错误。\n故本题选A。",
            "index": 1,
            "score": 4
        },
        {
            "year": "2024",
            "category": "全国甲卷",
            "question": "3. 某村面临快递取件难、产品出村难等问题。镇快递公司为实现和村民之间“最后一公里”的物流畅通，提出了一套解决方案。\n| 相关主体 | 存在问题 | 解决方案 |\n| :---: | :---: | :---: |\n| 镇快递公司 | \"最后一公里\" 快递成本 <br> 1.2 元/件, 占全部快递成本的 $50 \\%$ | 将 \"最后一公里\" 快递业务有偿委托给镇公交公司（ 0.3 元/件）和村商店（ 0.5 元/件） |\n| 镇公交公司 | 往返镇村之间的公交 <br> 车载客率仅为 $30 \\%$ | 公交车顺道运送快递至村商店和镇快递公司，运输成本为 0.15 元/件 |\n| 村商店 | 只有零售业务 | 承接镇快递公司的代寄代收业务, 运营成本为 0.2元/件 |\n| 村民 | 收快递和寄递农产品困难 | 在家附近的村商店收快递和寄递农产品 |\n根据表信息，实施该方案的效应有(   )\n①村民获得便捷的收寄服务，村商店收入增加\n②镇公交公司收入增加，镇快递公司利润减少\n③农产品销量扩大，镇快递公司单件快递成本上升\n④公交车利用率提高，镇公交公司 运输成本上升\nA. ①②\tB. ①④\tC. ②③\tD. ③④",
            "answer": [
                "B"
            ],
            "analysis": "【详解】①：根据图表信息，村商店承接镇快递公司的代寄代收业务，运营成本为0.2元/件；在家附近的村商店收快递和寄递农产品，可知，该方案的实施在增加了商店收入的同时，也方便了村民，①正确。\n②：根据图表信息可知，将“最后一公里”快递业务有偿委托给镇公交公司价格为0.3元/件，镇公交公司收入增加；但并不会使镇快递公司利润减少，因为对于快递公司而言，将“最后一公里”快递业务有偿委托给镇公交公司和村商店的成本分别为0.3元/件、0.5元/件，可见，使用公交车送快递比自己直接送更合适，成本更低，②不选。\n③：如果村商店承接镇快递公司的代寄代收业务，在家附近的村商店收快递和寄递农产品更加方便，农产品销量扩大，但并不会使镇快递公司单件快递成本上升，反而会使其利润增加，③排除。\n④：根据表信息可知，公交公司因为承担了代寄代收业务，公交车不仅运人，还运货，公交车利用率高了，但镇公交公司的运输成本自然也会增加，④正确。\n故本题选B。",
            "index": 2,
            "score": 4
        },
        {
            "year": "2024",
            "category": "全国甲卷",
            "question": "4. 2024年，我国赤字率拟按3%安排，较上年的3.8%有所下调，赤字规模4.06万亿元，比上年增加1800亿元；拟安排地方政府专项债券3.9万亿元，比上年增加1000亿元。这体现的宏观经济政策要求是(   )\n①稳健货币政策要灵活适度\n②积极财政政策要适度加力\n③统筹考虑稳增长和防风险\n④保障市场流动性更加充裕\nA. ①③\tB. ①④\tC. ②③\tD. ②④",
            "answer": [
                "C"
            ],
            "analysis": "【详解】①：材料体现的是财政政策，而非货币政策，①不符合题意。\n②③：我国赤字率的调整和地方政府专项债比上年增加1000亿元。这体现的宏观经济政策要求是积极财政政策要适度加力，统筹考虑稳增长和防风险，②③正确。\n④：增加市场上的货币供应，可以保障市场流动性更加充裕,而材料体现的是财政政策，④不符合题意。\n故本题选C。",
            "index": 3,
            "score": 4
        },
        {
            "year": "2024",
            "category": "全国甲卷",
            "question": "5. 行政复议是通过行政复议机关解决“民告官”行政争议的法定救济途径和行政机关自我纠错的层级监督制度。2023年修订的《中华人民共和国行政复议法》扩大了申请行政复议的范围，在行政复议审理程序方面增加了申请人的参与权和自主权。上述修订旨在(   )\n①监督和保障行政机关依法行使职权\n②助力行政复议机关高效履行行政职责\n③方便行政复议申请人参与行政机关的民主决策\n④引导人民群众通过非诉讼方式维护其合法权益\nA. ①②\tB. ①④\tC. ②③\tD. ③④",
            "answer": [
                "B"
            ],
            "analysis": "【详解】①④：修订的《中华人民共和国行政复议法》扩大了申请行政复议的范围，在行政复议审理程序方面增加了申请人的参与权和自主权。上述修订旨在引导人民群众通过非诉讼方式维护其合法权益，监督和保障行政机关依法行使职权，①④正确。\n②：材料强调监督和保障行政机关依法行使职权，未涉及行政复议机关高效履行行政职责，②错误。\n③：行政复议是“民告官”，申请人是在进行民主监督，而不是参与行政机关的民主决策，③错误。\n故本题选B。",
            "index": 4,
            "score": 4
        },
        {
            "year": "2024",
            "category": "全国甲卷",
            "question": "6. 某市在全市外卖员中选任外卖配送行业食品安全义务监督员。在配送过程中，义务监督员一旦发现餐馆存在脏乱差等食品安全隐患问题，可以及时拍照，向属地市场监管部门举报。该市上述做法(   )\n①调整了对餐饮服务业的监督监管权\n②能够促进保障食品安全的社会多元共治\n③赋予了公民就食品安全问题举报的权利\n④有利于增强市场监管部门执法的针对性和准确性\nA. ①③\tB. ①④\tC. ②③\tD. ②④",
            "answer": [
                "D"
            ],
            "analysis": "【详解】①：材料中强调的是对餐饮服务业的监督管理，并未调整监督监管权，①排除。\n②④：某市在全市外卖员中选任外卖配送行业食品安全义务监督员，对餐饮行业进行监督，该做法能够促进保障食品安全的社会多元共治；义务监督员一旦发现餐馆存在脏乱差等食品安全隐患问题，可以及时拍照，向属地市场监管部门举报，有利于增强市场监管部门执法的针对性和准确性，②④正确。\n③：公民的监督权是宪法和法律赋予的，公民本身有举报食品安全的权利，而不是通过选任义务监督员赋予公民的，③排除。\n故本题选D。",
            "index": 5,
            "score": 4
        },
        {
            "year": "2024",
            "category": "全国甲卷",
            "question": "7. 近年来，中国科学家联合其他国家科学家和科技组织，发起设立多个国际科技组织，比如国际氢能燃料电池协会、世界机器人合作组织、国际智能制造联盟等，举办高水平国际会议，编纂相关领域研究报告，发起国际合作研究项目。发起设立国际科技组织(   )\n①表明国际科技合作活动不受国界的限制\n②反映了当代世界科学技术多极化发展的趋势\n③凸显了中国在全球科技创新发展中的积极作用\n④适应了经济全球化背景下新科技革命发展 需要\nA. ①②\tB. ①④\tC. ②③\tD. ③④",
            "answer": [
                "D"
            ],
            "analysis": "【详解】①：材料不体现国际科技合作活动不受国界的限制，且国际组织不能凌驾于主权国家之上，①排除。\n②：材料强调国际科技合作，不体现当代世界科学技术多极化发展的趋势，②排除。\n③④：中国科学家联合其他国家科学家和科技组织，发起设立多个国际科技组织，说明凸显了中国在全球科技创新发展中的积极作用；设置的多个科技组织适应了经济全球化背景下新科技革命发展的需要，③④正确。\n故本题选D。",
            "index": 6,
            "score": 4
        },
        {
            "year": "2024",
            "category": "全国甲卷",
            "question": "8. 中国人注重门楣文化，视匾额为建筑的脸面，“黄鹤楼”“拙政园”“荣宝斋”等匾额今天依然醒目地悬挂于门梁显要之处。匾额融书法艺术、诗文典故、习俗风尚、处世理念于一体，端庄厚重，雅俗共赏，构成承载中华民族历史记忆、地域特色与审美意趣的特有文化景观。门楣文化历久弥新的启示是(   )\n①民族文化的生命力和影响力来自其传播方式创新\n②民族文化是人民群众生产经验和生活智慧的结晶\n③民族文化只有融入社会生活才能得到更好的传承\n④民族文化的内涵和表现形式取决于人们的精神追求\nA  ①②\tB. ①④\tC. ②③\tD. ③④",
            "answer": [
                "C"
            ],
            "analysis": "【详解】①：民族文化的生命力和影响力来自社会实践，而不是其传播方式创新，①错误。\n②：匾额融书法艺术、诗文典故、习俗风尚、处世理念于一体，端庄厚重，雅俗共赏，构成承载中华民族历史记忆、地域特色与审美意趣的特有文化景观。门楣文化历久弥新的启示是民族文化是人民群众生产经验和生活智慧的结晶，②正确。\n③：中国人注重门楣文化，视匾额为建筑的脸面，“黄鹤楼”“拙政园”“荣宝斋”等匾额今天依然醒目地悬挂于门梁显要之处。门楣文化历久弥新的启示是民族文化只有融入社会生活才能得到更好的传承，③正确。\n④：民族文化的内涵和表现形式取决于社会实践，而不是人们的精神追求，④错误。\n故本题选C。",
            "index": 7,
            "score": 4
        },
        {
            "year": "2024",
            "category": "全国甲卷",
            "question": "9. 时传祥是新中国的全国劳动模范、掏粪工人。一年四季，时传祥穿梭在纵横交错的北京胡同里，弯腰埋头掏粪扫污，形成了“宁肯一人脏，换来万家净”的时传祥精神。如今，车轮、粪管代替了脚步、粪勺，不变的是坚守和付出。一代又一代年轻的环卫工人传承和发扬时传祥精神，用青春和汗水守护城市的美。这表明(   )\n①先进文化是在劳动和奉献中形成和发展的\n②传承发展先进文化是创造物质财富的基础\n③先进文化在传承过程中被赋予新的内涵与形式\n④每个人都对先进文化的形成和发展作出贡献\nA. ①③\tB. ①④\tC. ②③\tD. ②④",
            "answer": [
                "A"
            ],
            "analysis": "【详解】①③：时传祥形成了“宁肯一人脏，换来万家净”的时传祥精神。如今，车轮、粪管代替了脚步、粪勺，不变的是坚守和付出。一代又一代年轻的环卫工人传承和发扬时传祥精神，用青春和汗水守护城市的美。这表明先进文化是在劳动和奉献中形成和发展的，先进文化在传承过程中被赋予新的内涵与形式，①③正确。\n②：辛勤劳动是创造物质财富的基础，②错误。\n④：“每个人都对先进文化的形成和发展作出贡献”的说法太绝对，④错误。\n故本题选A。",
            "index": 8,
            "score": 4
        },
        {
            "year": "2024",
            "category": "全国甲卷",
            "question": "10. 官厅水库是新中国修建的第一座大型水库，曾是北京的重要水源地，被视作中国人向水患“抗争”的杰作。20世纪80年代后期，官厅水库库区严重污染，1997年退出了北京市饮用水体系。2007年，官厅水库恢复北京备用饮用水水源地功能。党的十八大以来，官厅水库华丽转身为国家湿地公园，被誉为“一泓碧水，生态明珠”。官厅水库功能变迁折射的认识论道理是(   )\n①真理是客观的，在真理面前人人平等\n②认识的根本目的是在实践中认识和发现真理\n③认识和实践是一个充满矛盾的曲折发展过程\n④任何真理都是认识和实践具体的历史的统一\nA. ①②\tB. ①③\tC. ②④\tD. ③④",
            "answer": [
                "D"
            ],
            "analysis": "【详解】①：官厅水库功能变迁体现了认识的发展过程，说明了真理是具体的有条件的，没有强调真理的客观性，真理面前人人平等，①不符合题意。\n②：认识的根本目不是认识和发现真理，实践是认识的目的和归宿，②说法错误。\n③④：官厅水库从新中国修建时期到20世纪80年代后期，再从2007年到党的十八大以来功能变迁，这表明认识和实践是一个充满矛盾的曲折发展过程，任何真理都是认识和实践具体的历史的统一，③④符合题意。\n故本题选D。",
            "index": 9,
            "score": 4
        },
        {
            "year": "2024",
            "category": "全国甲卷",
            "question": "11. 近年来，远离大海的西北某地转变发展思路，开发利用当地丰富的宜渔盐碱水土资源，解决了水温控制、生物盐碱度适应、蟹苗运输、水体循环利用等技术难题，营造出类似海水养殖的环境，发展海产品养殖，实现了“海鲜陆养”。金秋时节，青蟹、海虾等“海鲜”大批量上市。“海鲜陆养”的哲学启示在于(   )\n①观念创新是实践创新的源泉和动力\n②只有把握客观规律，才能获得实践的成功\n③只要充分发挥主观能动性，就能把握客观规律\n④意识不仅反映客观存在，而且指导实践能动地改造世界\nA. ①②\tB. ①③\tC. ②④\tD. ③④",
            "answer": [
                "C"
            ],
            "analysis": "【详解】①：实践创新的源泉和动力是社会实践，①错误。\n②：开发利用当地丰富的宜渔盐碱水土资源，解决了技术难题，营造出类似海水养殖的环境，实现了“海鲜陆养”说明规律是客观的，不以人的意志为转移，要在利用和把握规律的基础上，根据规律发生作用的条件和形式利用规律，改造客观世界，造福人类，因此，只有把握客观规律，才能获得实践的成功，②正确。\n③：尊重客观规律是发挥主观能动性的前提。西北某地成功探索在盐碱水中养殖海鲜说明人类只有遵循自然规律，才能正确发挥主观能动性，但只要充分发挥主观能动性，不一定就能把握客观规律，③错误。\n④：西北某地转变发展思路，开发利用盐碱水土资源，营造出类似海水养殖的环境，实现了“海鲜陆养”，说明意识不仅反映客观存在，而且可以通过实践把观念的东西变成现实的东西，指导人们能动的改造世界，④正确。\n故本题选C。",
            "index": 10,
            "score": 4
        },
        {
            "year": "2024",
            "category": "全国甲卷",
            "question": "12. 党的二十大报告指出，一切脱离人民的理论都是苍白无力的，一切不为人民造福的理论都是没有生命力的。我们要站稳人民立场、把握人民愿望、尊重人民创造、集中人民智慧，形成为人民所喜爱、所认同、所拥有的理论，使之成为指导人民认识世界和改造世界的强大思想武器。这一论述的哲学依据是(   )\n①人民群众既是认识的主体，也是价值的主体\n②只要科学地认识世界，就能有效地改造世界\n③是否被大多数人认同是衡量认识正确与否的重要标准\n④只有把科学认识同人民群众相结合，才能实现认识的根本目的\nA. ①②\tB. ①④\tC. ②③\tD. ③④",
            "answer": [
                "B"
            ],
            "analysis": "【详解】①：人民群众是社会历史的主体，是历史的创造者，党的二十大报告指出，一切脱离人民的理论都是苍白无力的，一切不为人民造福的理论都是没有生命力的，说明人民群众既是认识的主体，也是价值的主体，①正确。\n②：该选项说法过于绝对，科学的认识世界有利于我们有效地改造世界，但并不是只要有正确科学意识作指导，改造世界就一定能成功，②错误。\n③：衡量认识正确与否的重要标准应该是看认识是否符合客观规律，是否符合最广大人民的根本利益，而不能仅依据是否被大多数人认同，③错误。\n④：我们要站稳人民立场、把握人民愿望、尊重人民创造、集中人民智慧，形成为人民所喜爱、所认同、所拥有的理论，使之成为指导人民认识世界和改造世界的强大思想武器，说明我们只有把科学认识同人民群众相结合，才能实现认识的根本目的，④正确。\n故本题选B。",
            "index": 11,
            "score": 4
        },
        {
            "year": "2024",
            "category": "新课标",
            "question": "1. 在社会主义发展史上，空想社会主义者在批判资本主义带来的各种灾难和罪恶的同时，也描绘了未来理想社会的蓝图。反映空想社会主义者为建立美好社会而努力的有（   ）\n①缔结反映各族人民意愿的国家联盟\n②进行共产主义的“新和谐公社”新村实验\n③成立被誉为新社会的光辉先驱的巴黎公社\n④倡导建立人人劳动、普遍协作的“和谐制度”\nA. ①②\tB. ①③\tC. ②④\tD. ③④",
            "answer": [
                "C"
            ],
            "analysis": "【详解】①：空想社会主义没有提出缔结反映各族人民意愿的国家联盟的主张，①排除。\n②④：新和谐公社是英国空想社会主义者欧文建立的理想模型，“和谐制度”构想是由法国空想社会主义者傅立叶提出，倡导建立人人劳动、普遍协作的“和谐制度”。虽然最终失败了，但也是一次有意义的尝试。这种尝试及其思想，为后来马克思主义的产生起到了重要作用，②④符合题意。\n③：空想社会主义是一种理论，其构想和原则并没有在实践中得到真正的实现；而巴黎公社则是一场实际的革命运动，它试图通过建立无产阶级政权来实现社会主义的理想。巴黎公社不是空想社会主义的主张也不是其实践活动，③排除。\n故本题选C。",
            "index": 12,
            "score": 4
        },
        {
            "year": "2024",
            "category": "新课标",
            "question": "2. 中共中央办公厅2024年印发的《关于在全党开展党纪学习教育的通知》指出，为了深入学习贯彻修订后的《中国共产党纪律处分条例》，经党中央同意，自2024年4月至7月，在全党开展党纪学习教育。开展党纪学习教育是中国共产党（   ）\n①区别于其他政党的显著标志\n②以伟大自我革命引领伟大社会革命的政治保障\n③推进全面从严治党，解决大党独有难题的重要举措\n④保持先进性和纯洁性，跳出治乱兴衰历史周期率的利器\nA. ①②\tB. ①③\tC. ②④\tD. ③④",
            "answer": [
                "D"
            ],
            "analysis": "【详解】①：勇于自我革命是中国共产党区别于其他政党的显著标志，①排除。\n②：开展党纪学习教育为中国共产党以伟大自我革命引领伟大社会革命提供坚强纪律保障，不是政治保障，②排除。\n③④：开展党纪学习教育是中国共产党推进全面从严治党，解决大党独有难题的重要举措，是保持先进性和纯洁性，跳出治乱兴衰历史周期率的利器，③④正确。\n故本题选D。",
            "index": 13,
            "score": 4
        },
        {
            "year": "2024",
            "category": "新课标",
            "question": "3. 2024年政府工作报告提出，要着力扩大国内需求，促进消费稳定增长，推动经济实现良性循环。下列举措有助于促进消费增长的有（   ）\n①提升餐饮质量和配送标准化水平\n②取消新能源汽车车辆购置税减免政策\n③对“以旧换新”的家电产品给予适当补贴\n④提高家庭第二套住房商业性个人住房贷款利率\nA. ①②\tB. ①③\tC. ②④\tD. ③④",
            "answer": [
                "B"
            ],
            "analysis": "【详解】①：提升餐饮质量和配送标准化水平，会刺激人们增加餐饮消费，有助于促进消费增长，①正确。\n②：新能源汽车车辆购置税减免政策，能降低人们购车成本，有助于促进新能源汽车的消费。取消这项政策，则不利于新能源汽车的消费增长，②排除。\n③：对“以旧换新”的家电产品给予适当补贴，会降低人们的家电消费成本，会刺激人们乐于“以旧换新”，从而促进家电产品的消费增长，③正确。 \n④：提高家庭第二套住房商业性个人住房贷款利率，会增加人们的购房成本，不利于促进购房消费，④排除。 \n故本题选B。",
            "index": 14,
            "score": 4
        },
        {
            "year": "2024",
            "category": "新课标",
            "question": "4. 以下是某县关于如何盘活本地闲置耕地的讨论。\n农户：家里青壮年外出打工了，耕地闲置了，不如流转给村集体吧!\n村集体：可是我们不擅长经营!不如把闲置耕地外包给专业合作社，农户、村集体和专业合作社，三方按合理比例分红。\n专业合作社：这个咱在行!咱把流转的这 800多亩耕地整治后，进行规模种植和管理。\n县政府：这个经营模式好!谁种植就补贴谁!\n该经营模式好在（   ）\n①让农户闲置耕地作为生产要素参与收入分配\n②引入新型农业经营主体，提高农业生产效率\n③运用初次分配机制，调动农业种植的积极性\n④增强村集体的经营能力，扩大集体收入来源\nA. ①②\tB. ①③\tC. ②④\tD. ③④",
            "answer": [
                "A"
            ],
            "analysis": "【详解】①②：农户把闲置的耕地外包给专业合作社，农户、村集体和专业合作社，三方按合理比例分红，这是让农户闲置耕地作为生产要素参与收入分配的体现，也有利于引入新型农业经营主体，进行进行规模种植和管理，提高农业生产效率，①②符合题意。\n③：县政府：“这个经营模式好！谁种植就补贴谁！”，这意味着种田补贴转移给经营者，这是在运用再分配调节机制，而不是运用初次分配机制，③排除。\n④：农户把闲置的耕地外包给专业合作社时，村集体按合理比例分红，这是村集体凭对土地的所有权和管理获得收入，村集体对流转耕地并没有经营权力，此举也没有扩大集体收入来源，④排除。\n故本题选A。",
            "index": 15,
            "score": 4
        },
        {
            "year": "2024",
            "category": "新课标",
            "question": "5. 某市以街道社区党组织为核心，按区域联结辖区单位、行业等各领域党组织、群团组织和各类社会组织，采取派驻党建指导员等方式组建联合党委，畅通各类群体之间的诉求表达和协商渠道，推动区域党建工作互联互动。这一做法（   ）\n① 意在完善基层群众自治制度，提高党的群众组织力\n②能够推动实现民主决策，消除不同群体间的利益冲突\n③有助于发挥基层群众的积极性，增强党的社会号召力\n④有利于保持党同人民群众的血肉联系，提高基层治理能力\nA. ①②\tB. ①③\tC. ②④\tD. ③④",
            "answer": [
                "D"
            ],
            "analysis": "【详解】本题考查基层群众自治 相关知识。\n①：材料强调的是多元共治的社会治理，强调的是“互联互动”，畅通各类群体之间的诉求表达和协商渠道，推动区域党建工作互联互动而不是在强调基层群众自治制度，①排除；\n②：“消除不同群体间的利益冲突”的说法夸大了题中做法的作用，况且“不同群体间的利益冲突”也不可能消除，②排除；\n③④：以街道社区党组织为核心，按区域联结辖区单位、行业等各领域党组织、群团组织和各类社会组织，采取派驻党建指导员等方式组建联合党委，畅通各类群体之间的诉求表达和协商渠道，推动区域党建工作互联互动，这有助于发挥基层群众的积极性，增强党的社会号召力，也有利于保持党同人民群众的血肉联系，提高基层治理能力，③④正确；\n故本题选D。",
            "index": 16,
            "score": 4
        },
        {
            "year": "2024",
            "category": "新课标",
            "question": "6. 近年来，某市将数字技术应用于政府管理服务，推动政务数据与社会数据相融合。行政执法69类证照证明实现“免提交”检查；203个线上办理事项提交材料的数量减少 40%，办事时间缩短 50%；教育、就业等19个领域的事项实现“一站式”办理。该市推动数字政府建设是（   ）\n①完善行政执法制度体系的技术保障\n②更好满足公众政务服务需求的必然选择\n③优化革新政府治理流程和方式的重要举措\n④科学合理配置政府部门之间关系的制度基础\nA. ①②\tB. ①④\tC. ②③\tD. ③④",
            "answer": [
                "C"
            ],
            "analysis": "【详解】①：材料反映数字技术可以提高政府管理服务的效率，但并未涉及行政执法制度体系的完善，也就没有体现完善行政执法制度体系的技术保障，①排除。\n②③：推动数字政府建设，有利于提高政府行政效率，是数字化时代更好满足公众政务服务需求的必然选择，也是优化革新政府治理流程和方式的重要举措，②③正确。\n④：材料反映数字技术可以提高政府管理服务的效率，不涉及“科学合理配置政府部门之间关系”，也不是“制度基础”，④排除。\n故本题选C。",
            "index": 17,
            "score": 4
        },
        {
            "year": "2024",
            "category": "新课标",
            "question": "7. 2023年春节期间上映 中国科幻影片《流浪地球2》引起热烈反响。影片中的行星发动机与中国环流器二号实验装置具有视觉相似性;运送核聚变燃料的巨车，让人联想到中国生产的巨型矿车;展示太空天梯的长镜头，折射出中国在太空设备上的最新发展。这表明（   ）\n①任何意识包括幻想都是对客观存在的反映\n②意识对客观存在的反映是自觉的和创造性的\n③意识来源于客观存在，与客观存在相符合、相一致\n④意识反映客观存在的方式是人自由选择的，与意识的内容无关\nA. ①②\tB. ①④\tC. ②③\tD. ③④",
            "answer": [
                "A"
            ],
            "analysis": "【详解】①②：影片中的行星发动机与中国环流器二号实验装置具有视觉相似性;运送核聚变燃料的巨车，让人联想到中国生产的巨型矿车;展示太空天梯的长镜头，说明任何意识包括幻想都是对客观存在的反映，意识对客观存在的反映是自觉的和创造性的，①②正确。\n③：意识来源于客观存在，但意识与客观存在不一定是相符合、相一致的，正确的意识才与客观存在相符合、相一致，③说法错误。\n④：意识反映客观存在的形式具有主观性，但也并不是人完全自由选择、与意识的内容无关的，也会受到客观条件的制约，④说法错误。\n故本题选A。",
            "index": 18,
            "score": 4
        },
        {
            "year": "2024",
            "category": "新课标",
            "question": "8. 2016年以来，我国已在亚洲、欧洲和非洲建有 20 多家“鲁班工坊”。“鲁班工坊”系统推广中国职业教育的成功经验，创新开发了百余个国际化标准，开展了千余人次参加的海外教师研修项目，培养了一大批本土化技术技能型人才。如今，“鲁班工坊”已成为我国职业教育走向世界的“国家名片”。创办“鲁班工坊”（   ）\n① 超越了我国职业教育的既有模式\n②是我国推进教育强国建设的生动实践\n③增强了我国职业教育 国际认同和影响\n④是我国从教育大国跃升到教育强国的重要标志\nA. ①③\tB. ①④\tC. ②③\tD. ②④",
            "answer": [
                "C"
            ],
            "analysis": "【详解】②③：“鲁班工坊”系统推广中国职业教育的成功经验，是我国职业教育走向世界的“国家名片”，表明创办“鲁班工坊”是我国推进教育强国建设的生动实践，有利于增强我国职业教育的国际认同和影响，②③正确。\n①：我国在亚洲、欧洲和非洲创办多家“鲁班工坊”，是把中国职业教育的教学模式、专业标准、教材资源与世界分享，并不是超越了我国职业教育的既有模式，①说法错误。\n ④：创办“鲁班工坊”说明我国职业教育的成功，但创办“鲁班工坊”并不意味着我国从教育大国跃升到教育强国，④说法错误。\n故本题选C。",
            "index": 19,
            "score": 4
        },
        {
            "year": "2024",
            "category": "新课标",
            "question": "9. 在西非国家经济共同体(西共体)第62届首脑会议上，与会领导人重点讨论了区域经济和优先项目落实情况，就统一货币、共同关税、地区和平安全以及反恐等议题进行了磋商，共同宣布计划组建一支地区维和部队，以应对成员国面临的恐怖主义等安全威胁。由此可见，西共体（   ）\n①负有推进成员国政治合作的责任\n②对成员国生存和独立事务拥有管辖权\n③是推动西非地区经济一体化的重要力量\n④是处理经济和安全问题的专门性国际组织\nA. ①③\tB. ①④\tC. ②③\tD. ②④",
            "answer": [
                "A"
            ],
            "analysis": "【详解】①③：西非国家经济共同体首脑会议就统一货币、共同关税、地区和平安全以及反恐等议题进行了磋商，共同宣布计划组建一支地区维和部队，以应对成员国面临的恐怖主义等安全威胁，表明西共体负有推进成员国政治合作的责任；是推动西非地区经济一体化的重要力量，①③正确。\n②：主权国家具有拥有管辖权，西共体是国际组织，而不是主权国家，不具有管辖权；②错误。\n④：西共体属于区域性经济合作组织，而不是处理安全问题的专门性国际组织，④错误。\n故本题选A。",
            "index": 20,
            "score": 4
        },
        {
            "year": "2024",
            "category": "新课标",
            "question": "10. 2023年2月,“中国复眼”二期项目开工建设。项目计划实现对千万公里外的小行星探测，拓展人类深空观察的边界，为近地小行星撞击防御和行星形成等世界前沿科学研究提供重要支撑。该项目的建设表明（   ）\n①太空安全是国家主权安全的重要内容\n②中国综合国力增强助推太空开发利用\n③构建人类命运共同体离不开对地球安全的保护\n④太空安全是当今世界和平与发展面临的最大挑战\nA. ①②\tB. ①④\tC. ②③\tD. ③④",
            "answer": [
                "C"
            ],
            "analysis": "【详解】①：当今世界太空安全成为国家安全的重要支柱和组成部分，是国家主权安全的重要内容，但题干未体现太空安全是国家主权安全的重要内容，①不选。\n②：航天技术不仅是一个国家综合国力的体现，更是人类探索宇宙、认知自然、实现可持续发展的重要手段。“中国复眼”二期项目开工建设表明中国实综合国力增强助推太空开发利用，②正确。\n③：“中国复眼”二期项目开工建设，该项目拓展人类深空观察的边界，为近地小行星撞击防御和行星形成等世界前沿科学研究提供重要支撑，这表明构建人类命运共同体离不开对地球安全的保护，③应选。\n④：当今世界和平与发展面临主要挑战是霸权主义和强权政治，④错误。\n故本题选C。",
            "index": 21,
            "score": 4
        },
        {
            "year": "2024",
            "category": "新课标",
            "question": "11. 对下述案例，下列说法正确的是（   ）\n张某经常去某饭店就餐，该饭店的墙上张贴有\"每桌最低消费 158 元\"的告示。某日，张某和朋友在该饭店聚餐，朋友提议品尝自带的红酒，张某找服务员帮忙，服务员表示饭店禁止自带酒水, 双方为此发生争执, 引起不少客人围观, 张某遂拨打消费者投诉热线, 要求饭店改正并向自己赔礼道歉\n①饭店要求最低消费侵害了张某的知情权\n②饭店禁止自带酒水侵害了张某的名誉权\n③“每桌最低消费158元”属于格式条款\n④饭店禁止自带酒水侵害了张某的自主选择权\nA. ①②\tB. ①④\tC. ②③\tD. ③④",
            "answer": [
                "D"
            ],
            "analysis": "【详解】①：饭店要求最低消费侵害了张某的自主选择权和公平交易的权利，不是知情权，①排除。\n③：格式条款是当事人为了重复使用而预先拟定，并在订立合同时未与对方协商的条款，是单方事先制定的，不能就合同条款进行协商的，设置最低消费属于典型的格式条款，③正确。\n②④：饭店禁止客人自带酒水，不是侵害了张某的名誉权，而是侵犯了消费者自主选择商品的权利，是不合法的。消费者享有自主选择商品或服务的权利，②错误，④正确。\n故本题选D。",
            "index": 22,
            "score": 4
        },
        {
            "year": "2024",
            "category": "新课标",
            "question": "12. 某市就地铁客流高峰时段调价举行听证会。有人认为，如果在地铁客流高峰时段提高票价，就能减轻客流压力。从逻辑的角度看，假设上述观点成立，以下判断必定为假的是（   ）\nA. 只有在地铁客流高峰时段提高票价，才能减轻客流压力\nB. 虽然在地铁客流高峰时段提高票价，但是不能减轻客流压力\nC. 即使不在地铁客流高峰时段提高票价，也能减轻客流压力\nD. 如果要减轻客流压力，那么要在地铁客流高峰时段提高票价",
            "answer": [
                "B"
            ],
            "analysis": "【详解】如果在地铁客流高峰时段提高票价，就能减轻客流压力。属于充分条件假言判断，其推理规则是有前必有后，无后必无前。\nA：题干只能表述出地铁客流高峰期时段提高票价是减轻客流压力的充分条件，不能判断出是不是必要条件，因此该判断不一定为假，A排除。 \nB：根据充分条件假言判断有前必有后，则在地铁客流高峰期提高票价，一定能减轻客流压力，因此不能减轻客流压力为假，B符合题意。 \nC：不在地铁客流高峰时段提高票价，前件假，后件不一定，因此也能减轻客流压力不一定为假，C排除。 \nD：如果要减轻客流压力，即后件为真，前件不一定为假，即在地铁客流高峰时段提高票价不一定为假，D排除。\n故本题选B。",
            "index": 23,
            "score": 4
        }
    ]
}