{
    "keywords": "2024_Biology_MCQs",
    "example": [
        {
            "year": "2024",
            "category": "新课标",
            "question": "1. 大豆是我国重要的粮食作物。下列叙述错误的是（）\nA. 大豆油含有不饱和脂肪酸, 熔点较低, 室温时呈液态\nB. 大豆的蛋白质、脂肪和淀粉可在人体内分解产生能量\nC. 大豆中的蛋白质含有人体细胞不能合成的必需氨基酸\nD. 大豆中的脂肪和磷脂均含有碳、氢、氧、磷 4 种元素",
            "answer": [
                "D"
            ],
            "analysis": "【分析】1、脂肪：是由三分子脂肪酸与一分子甘油发生反应而形成的。\n2、磷脂：构成膜（细胞膜、核膜、细胞器膜）结构的重要成分。\n3、固醇：维持新陈代谢和生殖起重要调节作用，分为胆固醇、性激素、维生素 D 等。\n【详解】A、植物脂肪大多含有不饱和脂肪酸, 在室温下呈液态, 动物脂肪大多含有饱和脂肪酸, 在室温下呈固态，A 正确；B、蛋白质、脂肪和淀粉可在人体内分解产生能量，B 正确；C、必需氨基酸是人体细胞不能合成必须从外界获取的氨基酸，因此大豆中的蛋白质含有人体细胞不能合成的必需氨基酸, C 正确;D、脂肪的组成元素只有 C、H、O，D 错误。故选 D。",
            "index": 0,
            "score": 6
        },
        {
            "year": "2024",
            "category": "新课标",
            "question": "2. 干旱缺水条件下, 植物可通过减小气孔开度减少水分散失。下列叙述错误的是（）\nA. 叶片萎蓞时叶片中脱落酸的含量会降低\nB. 干旱缺水时进入叶肉细胞的 $\\mathrm{CO}_{2}$ 会减少\nC. 植物细胞失水时胞内结合水与自由水比值增大\nD. 干旱缺水不利于植物对营养物质的吸收和运输",
            "answer": [
                "A"
            ],
            "analysis": "【分析】干旱缺水条件下气孔开度减小, 植物吸收的二氧化碳会减少, 植物的光合速率会降低, 同时植物体内水分含量减少，各种需要水分参与的生理反应都会减弱，植物根细胞的吸水能力增强，植物缺水主要是自由水大量失去。\n【详解】A、叶片萎莨时, 叶片中的脱落酸(ABA)含量会增加, 达到一定程度叶片可能会脱落, A 错误;\nB、干旱缺水时, 植物气孔开度减小, 吸收的二氧化碳会减少, 植物的光合速率会降低, B 正确;\nC、植物细胞失水时主要失去自由水，自由水含量下降，结合水与自由水比值会增大，C正确；\nD、缺水会影响植物体内各种需要水分参与的生理反应，植物对营养物质的吸收和运输往往需要水分参与, 缺水不利于该过程, D 正确。\n故选 A。",
            "index": 1,
            "score": 6
        },
        {
            "year": "2024",
            "category": "新课标",
            "question": "3. 人体消化道内食物的消化和吸收过程受神经和体液调节。下列叙述错误的是（）\nA. 进食后若副交感神经活动增强可抑制消化液分泌\nB. 唾液分泌条件反射的建立需以非条件反射为基础\nC. 胃液中的盐酸能为胃蛋白酶提供适宜的 pH 环境\nD. 小肠上皮细胞通过转运蛋白吸收肠腔中的氨基酸",
            "answer": [
                "A"
            ],
            "analysis": "【分析】自主神经系统: 自主神经系统由交感神经和副交感神经两部分组成。它们的作用通常是相反的。当人体处于兴奋状态时，交感神经活动占据优势，心跳加快，支气管扩张，但胃肠的蠕动和消化腺的分泌活动减弱; 当人处于安静状态时, 副交感神经活动占据优势, 此时, 心跳减慢, 但胃肠的蠕动和消化液的分泌会加强，有利于食物的消化和营养物质的吸收。\n【详解】A、副交感神经活动增强，促进胃肠的蠕动和消化液的分泌，有利于食物的消化和营养物质的吸收，A 错误；\nB、条件反射是在非条件反射的基础上，通过学习和训练而建立的。即唾液分泌条件反射的建立需以非条件反射为基础，B 正确；\nC、胃蛋白酶的最适 pH 为 1.5 , 胃液中的盐酸能为胃蛋白酶提供适宜的 pH 环境, C 正确;\nD、小肠上皮细胞吸收氨基酸的方式通常为主动运输，过程中需要转运蛋白， D 正确。\n故选 A。",
            "index": 2,
            "score": 6
        },
        {
            "year": "2024",
            "category": "新课标",
            "question": "4. 采用稻田养蟹的生态农业模式既可提高水稻产量又可收获螃蟹。下列叙述错误的是（）\nA. 该模式中水稻属于第一营养级\nB. 该模式中水稻和螃蟹处于相同生态位\nC. 该模式可促进水稻对二氧化碳的吸收\nD. 该模式中碳循环在无机环境和生物间进行",
            "answer": [
                "B"
            ],
            "analysis": "【分析】稻田养蟹的模式中蟹能清除稻田杂草，吃掉部分害虫，其排泄物还能改善稻田土壤状况，促进水稻生长，提高水稻的品质；水稻则为蟹生长提供了丰富的天然饵料和良好的栖息环境。\"稻蟹共生\"为充分利用人工新建的农田生态系统。\n【详解】A、在稻田养蟹的生态农业模式中，水稻属于生产者，属于第一营养级，A 正确；\nB、这个模式中，水稻和螃蟹处于不同 生态位，因为它们消耗不同的资源。水稻是水生植物，吸收水分和矿物质，而螃蟹是水生动物，以植物残渣和小型水生动物为食， B 错误；\nC、这种模式确实可以促进水稻对二氧化碳的吸收，因为螃蟹在稻田中活动可以改善土壤通气状况，有利于水稻根系呼吸作用，进而促进二氧化碳的吸收，C 正确；\nD、碳循环在稻田生态系统中包括无机环境和生物两个部分。水稻通过光合作用将无机碳（二氧化碳）转化为有机物，螃蟹则通过呼吸作用将有机物中的碳以二氧化碳的形式释放回大气中，从而完成了碳在生态系统中的循环，D 正确。\n故选 B。",
            "index": 3,
            "score": 6
        },
        {
            "year": "2024",
            "category": "全国甲卷",
            "question": "1. 细胞是生物体结构和功能的基本单位。下列叙述正确的是（）\nA. 病毒通常是由蛋白质外壳和核酸构成的单细胞生物\nB. 原核生物因为没有线粒体所以都不能进行有氧呼吸\nC. 哺乳动物同一个体中细胞的染色体数目有可能不同\nD. 小麦根细胞吸收离子消耗的 ATP 主要由叶绿体产生",
            "answer": [
                "C"
            ],
            "analysis": "【分析】原核细胞和真核细胞最主要的区别是原核细胞没有核膜包被的典型的细胞核，但是它们均具有细胞膜、细胞质、核糖体以及遗传物质 DNA 等结构。原核生物虽没有叶绿体和线粒体，但是少数生物也能进行光合作用和有氧呼吸，如蓝藻。\n【详解】A、病毒没有细胞结构，A 错误；\nB、原核生物也可以进行有氧呼吸，原核细胞中含有与有氧呼吸相关的酶，B 错误;\nC、哺乳动物同一个体中细胞的染色体数目有可能不同，如生殖细胞中染色体数目是体细胞的一半，C 正确;\nD、小麦根细胞不含叶绿体，而线粒体是有氧呼吸的主要场所，小麦根细胞吸收离子消耗的 ATP 主要由线粒体产生，D错误。\n故选 C。",
            "index": 4,
            "score": 6
        },
        {
            "year": "2024",
            "category": "全国甲卷",
            "question": "3. 植物生长发育受植物激素的调控。下列叙述错误的是（）\nA. 赤霉素可以诱导某些酶的合成促进种子萌发\nB. 单侧光下生长素的极性运输不需要载体蛋白\nC. 植物激素可与特异性受体结合调节基因表达\nD. 一种激素可通过诱导其他激素的合成发挥作用",
            "answer": [
                "B"
            ],
            "analysis": "【分析】1、植物激素是由植物体内产生, 能从产生部位送到作用部位, 对植物的生长发育有显著影响的微量有机物；植物激素主要有生长素、赤霉素、细胞分裂素、乙烯和脱落酸等，它们对植物各种生命活动起着不同的调节作用。\n2、植物激素包括生长素、细胞分裂素、赤霉素、脱落酸、乙烯等。其中生长素、细胞分裂素、赤霉素能\n促进植物的生长，而脱落酸和乙烯是抑制植物的生长。生长素能促进子房发育成果实，而乙烯能促进果实成熟\n3、调节植物生命活动的激素不是孤立的，而是相互作用共同调节的，植物生命活动的调节从根本上说是植物基因组程序性表达的结果。植物的生长发育既受内部因子（激素）的调节，也受外部因子（如光、温度、日照长度、重力、化学物质等）的影响。这些化学和物理因子通过信号转导，诱导相关基因表达，调控生长发育。\n【详解】A、赤霉素主要合成部位是未成熟的种子、幼根和幼芽，赤霉素能促进植物的生长，可以诱导某些酶的合成促进种子萌发，A 正确；\n$\\mathrm{B} 、$ 生长素的极性运输属于主动运输，主动运输需要载体蛋白的协助并消耗能量， B 错误；\nC、植物激素与受体特异性结合，引发细胞内发生一系列信号转导过程，进而诱导特定基因的表达，从而产生效应，C 正确；\nD、调节植物生命活动的激素不是孤立的，而是相互作用共同调节的，因此一种激素可通过诱导其他激素的合成发挥作用，D 正确；\n故选 B。",
            "index": 5,
            "score": 6
        },
        {
            "year": "2024",
            "category": "全国甲卷",
            "question": "4. 甲状腺激素在人体生命活动的调节中发挥重要作用。下列叙述错误的是（）\nA. 甲状腺激素受体分布于人体内几乎所有细胞\nB. 甲状腺激素可以提高机体神经系统的兴奋性\nC. 甲状腺激素分泌增加可使细胞代谢速率加快\nD. 甲状腺激素分泌不足会使血中 TSH 含量减少",
            "answer": [
                "D"
            ],
            "analysis": "【分析】甲状腺分泌甲状腺激素，甲状腺激素能促进代谢，增加产热；能提高神经系统兴奋性；能促进幼小动物的生长发育。\n【详解】A、甲状腺激素几乎可以作用于人体所有细胞，因此其受体分布于人体内几乎所有细胞，A正确；\nB、甲状腺激素可以促进中枢神经系统的发育，提高机体神经系统的兴奋性，B 正确；\nC、甲状腺激素能促进新陈代谢，因此其分泌增加可使细胞代谢速率加快，C 正确；\nD、甲状腺激素对下丘脑分泌促甲状腺激素释放激素（TRH）和垂体分泌促甲状腺激素（TSH）存在反负馈调节，因此甲状腺激素分泌不足会使血中促甲状腺激素（TSH）含量增加，D 错误。\n故选 D。",
            "index": 6,
            "score": 6
        }
    ]
}