{
    "keywords": "2024_Chinese_Lang_and_Usage_MCQs",
    "example": [
        {
            "year": "2024",
            "category": "全国甲卷",
            "question": "天山可谓家喻户晓，但真正了解它的人恐怕不多。怎样算是真正了解天山呢？不妨做个测试。你闭上眼睛，念出 \"天山\" 这个名字，试试看，能不能想象出一幅天山的全景图来？在这幅全景图里，山脉或平行或交错，许多巨大的、汽车<u>要</u>开上很久很久的盆地坐落其间。两座威严的雪峰——托木尔峰和汗腾格里峰巍然算立，俯视着周边十多座海拔 6000 米以上的山峰。带着充沛的水汽在伊犁河谷一路长驱直入的暖湿气流造就了一片片麦浪滚滚的田地和水草丰美的牧场。博斯腾湖碧水连天，赛里木湖晶莹澄澈，艾比湖 \"盐\"装素裹，天池静卧在<u>苍翠</u>环绕之中……(1)如果在你的脑海中，(2)能包罗万象地浮现出这样一幅全景图，(3)图上呈现了天山的任何山脉、盆地、雪峰，(4)还有河流、和湖泊，(5)你就算真正了解天山了。\n17. 下列句子中的 \"要\" 与文中加点的 \"要\"，意义相同的一项是（）\nA. 描绘 \"寒风扫高木\"的景况，用 \"木\" 字要比用 \"树\" 字更合适。\nB. 莲花池边有个小酒店, 我们走进去, 打了半斤酒, 还要了些菜。\nC. 台儿沟没有学校, 香雪每天上学要到十五里以外的公社去。\nD. 等恵树的叶子落尽，树上的柰子红完，西北风就要起来了。\n19.下列句子中画波浪线的词语与文中画波浪线的 \"苍翠\"，所用的修辞手法相同的一项是（）\nA. 烟花向上空冲去，下落时便酒散着满天<u>花雨</u>。\nB. 鲁迅先生穿着朴素的长衫, 从容地坐在<u>西装领带们</u>旁边。\nC. 夏天的雨是<u>热情洋溢</u>的，喜欢不打招呼就前来拜访。\nD. 微风过处，送来缕缕清香，仿佛远处高楼上<u>渺茫的歌声</u>似的。",
            "answer": [
                "C",
                "B"
            ],
            "analysis": "【17 题详解】\n本题考查学生辨析词语语境义的能力。\n文中 \"要\"意思是需要。\nA. 表示估计，用于比较\nB. 讨。表示希望将某种事物归自己所有。\nC. 需要。\nD. 即将来临。\n故选 C。\n【19 题详解】\n本题考查学生辨析修辞手法的能力。\n文中 \"苍翠\"属于借代修辞，颜色代树木。\nA.比喻修辞，把漫天酒散的烟花比喻成 \"雨\"；\nB. 借代修辞, 用西装领带借指人们;\nC. 拟人修辞，赋予自然现象 \"雨\"以人的特点 \"热情洋溢\"\"喜欢\"\"打招呼\"\"拜访\";\nD. 通感手法，沟通了视听两种感官，把鼻子嗅到 \"清香\"比喻成耳朵听到的\"歌声\"。\n故选 B。",
            "index": 0,
            "score": 3
        },
        {
            "year": "2024",
            "category": "新课标Ⅱ",
            "question": "阅读下面的文字，完成下面小题。\n众所周知，运动可以帮助放松肌肉、减轻身体紧张感、改善血液循环，让我们身体更健康，但是，可能很多人都不知道，运动更是让我们心情愉悦、大脑强健的\"灵丹妙药\"。多年以前，运动就已被列入情绪障碍的治疗方法之一，疗效不但立竿见影，令人信服，而且适用范围很广。\n喜欢运动，经常运动的人，<u>相信</u>都体验过 \"跑者欣快\"，即连续高强度运动一段时间后， $\\qquad$(1) $\\qquad$ ，但心情很好，有一种酣畅淋漓的感觉，这是因为，运动可以促使大脑分泌许多与愉悦感相关的 \"快乐物质\"，如多巴胺、内啡肽等。而运动后的大脑，还会分泌一种名叫脑源性神经营养因子的蛋白质，有助于强健大脑。因此，运动不仅会让你轻松快乐，还会让你头脑更清晰，更有活力。当然，不是每个人 $\\qquad$ (2) ，但即使做一些轻微运动，也是有助于身心健康的。\n22. 下列句子中的 \"相信\"与文中加点的 \"相信\"，意义和用法相同的一项是（ ）\nA. 身处困境他却并不消沉，相信自己能拼出一个光明的未来。\nB. 我满心欢喜地迎接他回来，相信现在的他一定和从前不同。\nC. 看到气势磅礴的壸口瀑布，相信每一位游客都会激动不已。\nD. 翠翠还是不离开码头，相信祖父会来找她，同她一起回家。",
            "answer": [
                "C"
            ],
            "analysis": "【22 题详解】\n本题考查学生辨析词语的语境义的能力。\n文中加点的 \"相信\" 表示认为某事是真实的、可信的，表达一种推测和信任。\nA. \"相信\"是有信心的意思。\nB. \"相信\" 是认为的意思。\nC. \"相信\" 也是认为某事是真实的、可信的，与文中的 \"相信\" 意义和用法相同。\nD. \"相信\"是期望、盼望的意思。\n故选 C。",
            "index": 1,
            "score": 3
        }
    ]
}