{
    "keywords": "2024_English_Fill_in_Blanks",
    "example": [
        {
            "year": "2024",
            "category": "全国甲卷",
            "question": "阅读下面短文, 从短文后各题所给的A、B、C和D四个选项中, 选出可以填入空白处的最佳选项。\nOne day  we had a family dinner. While the adults were busy with their serious talk outside, I was left alone in the ____21____ to help my grandmother wash dishes. ____22____ my grandmother would tell me stories about her childhood. \nBorn just before WWII, my grandmother ____23____ an entirely different childhood lifestyle from mine. She did not have a chance to go to ____24____. Like in typical families, where boys were ____25____ much more than girls, my grandma had to stay at home to do ____26____. The only opportunity (机会) she could seize to ____27____ was when her brother was having Chinese ____28____ with the family tutor. She would sit quietly at the far end of the long dinner table, listening ____29____. This training taught her to read and write her Chinese upside down — a skill that has turned out to be quite ____30____, especially whenever we share the newspaper. On most weekends, my grandmother, a young girl then, and her brother would go to the ____31____. There, they would walk through deep water, sit down cross-legged underwater and hold their ____32____ while they watched all action going on around them.\nThis is something I ____33____ — her ability to open her ____34____ underwater and still sit comfortably on the seabed. \nMy childhood is quite ____35____ compared with hers. I am ____36____ that I did not need to ____37____ the hardships like she did. I've never faced the problem of ____38____. I guess our different childhood background is what makes my grandmother such an amazing person to ____39____ to: her stories always make my history textbooks ____40____.\n21. A. sitting room\tB. kitchen\tC. yard\tD. dining hall\n22. A. As always\tB. By the way\tC. For example\tD. Here and now\n23. A. adjusted\tB. promoted\tC. achieved\tD. experienced\n24. A. work\tB. school\tC. court\tD. press\n25  A. favored\tB. tolerated\tC. trusted\tD. acknowledged\n26. A. gardening\tB. homework\tC. business\tD. housework\n27  A. exercise\tB. study\tC. explore\tD. teach\n28. A. food\tB. guests\tC. lessons\tD. tea\n29. A. closely\tB. directly\tC. nervously\tD. freely\n30. A. professional\tB. awkward\tC. simple\tD. practical\n31. A. market\tB. mountain\tC. beach\tD. class\n32. A. secret\tB. breath\tC. view\tD. tongue\n33. A. admire\tB. notice\tC. adopt\tD. value\n34. A. hands\tB. mouth\tC. eyes\tD. arms\n35. A. difficult\tB. complex\tC. happy\tD. similar\n36. A. grateful\tB. surprised\tC. convinced\tD. regretful\n37. A. reflect upon\tB. go through\tC. ask about\tD. prepare for\n38. A. unemployment\tB. health\tC. education\tD. communication\n39. A. attend\tB. refer\tC. lead\tD. talk\n40. A. come true\tB. come round\tC. come out\tD. come alive",
            "answer": [
                "B",
                "A",
                "D",
                "B",
                "A",
                "D",
                "B",
                "C",
                "A",
                "D",
                "C",
                "B",
                "A",
                "C",
                "C",
                "A",
                "B",
                "C",
                "D",
                "D"
            ],
            "analysis": "【导语】本文是一篇记叙文。文章主要讲述了作者祖母的童年故事，以及作者从故事中得到的感悟。\n【21题详解】\n考查名词词义辨析。句意：当大人们在外面忙于严肃的谈话时，我一个人留在厨房里帮奶奶洗碗。A. sitting room客厅；B. kitchen厨房；C. yard院子；D. dining hall餐厅。根据下文“to help my grandmother wash dishes”可推知，此处指作者在厨房洗碗。故选B。\n【22题详解】\n考查副词短语辨析。句意：一如既往地，我的祖母会给我讲她童年的故事。As always一如既往；B. By the way顺便说一句；C. For example例如；D. Here and now此时此地。根据语境，结合下文“my grandmother would tell me stories about her childhood”可推知，此处指作者的祖母经常给作者讲童年故事，这次一如既往的给作者讲她童年的故事。故选A。\n【23题详解】\n考查动词词义辨析。句意：我的祖母出生在二战前夕，她的童年生活方式与我的完全不同。A. adjusted调整；B. promoted促进；C. achieved完成；D. experienced经历。根据下文“an entirely different childhood lifestyle from mine”可推知，此处指祖母经历的童年与作者的不同。故选D。\n【24题详解】\n考查名词词义辨析。句意：她没有机会上学。A. work工作；B. school学校；C. court法院；D. press出版社。根据下文“The only opportunity she could seize to ____7____ was when her brother was having Chinese ____8____ with the family tutor”可推知，此处在指祖母生活的年代，她是没有机会上学的。故选B。\n【25题详解】\n考查动词词义辨析。句意：就像典型的重男轻女的家庭一样，我奶奶不得不呆在家里做家务。A. favored赞成；B. tolerated容忍；C. trusted信任；D. acknowledged承认。根据上文“She did not have a chance to go to school. Like in typical families”并结合语境可推知，此处指作者祖母生活的年代是重男轻女的，所以祖母才不被允许上学。故选A。\n【26题详解】\n考查名词词义辨析。句意：就像典型的重男轻女的家庭一样，我奶奶不得不呆在家里做家务。A.gardening园艺；B. homework家庭作业；C. business商务；D.housework家务。结合语境，再根据上文“my grandma had to stay at home”可推知，此处指作者祖母在家里做家务。故选D。\n【27题详解】\n考查动词词义辨析。句意：她唯一能抓住的学习机会是当她的哥哥和家庭教师一起上语文课的时候。A. exercise锻炼；B. study学习；C. explore探索；D. teach教学。根据上文“She did not have a chance to go to school.”以及下文“with the family tutor”可推知，此处指祖母不被允许上学，自己找机会学习。故选B。\n【28题详解】\n考查名词词义辨析。句意：她唯一能抓住的学习机会是当她的哥哥和家庭教师一起上语文课的时候。A. food食物；B. guests客人；C. lessons课程；D. tea茶。根据上文“having Chinese”以及下文“with the family tutor”可推知，此处指祖母的哥哥和家庭教师一起上语文课。故选C。\n【29题详解】\n考查副词词义辨析。句意：她会安静地坐在长长的餐桌的另一端，仔细地听着。A.closely仔细地、紧密地；B. directly直接地；C. nervously紧张地；D. freely自由地。根据上文“The only opportunity she could seize to study was when her brother was having Chinese lessons with the family tutor. She would sit quietly at the far end of the long dinner table”可推知，此处指祖母抓住学习机会，仔细地旁听学习。故选A。\n【30题详解】\n考查形容词词义辨析。句意：这项训练教会了她把中文倒过来读和写——这项技能被证明是非常实用的，尤其是当我们分享报纸的时候。A. professional专业的；B. awkward令人尴尬的；C. simple简单的；D. practical实用的。根据上文“This training taught her to read and write her Chinese upside down”以及下文“especially whenever we share the newspaper”可推知，此处指祖母学会的技能是非常实用的。故选D。\n【31题详解】\n考查名词词义辨析。句意：在大多数周末，我的祖母，当时还是个小女孩，和她的哥哥会去海滩。A. market市场；B. mountain山；C. beach海滩；D. class班级。根据下文“they would walk through deep water, sit down cross-legged underwater”可推知，此处指祖母和哥哥去海滩玩水。故选C。\n【32题详解】\n考查名词词义辨析。句意：在那里，他们会穿过深水，盘腿坐在水下，屏住呼吸，看着周围发生的一切。A. secret秘密；B. breath呼吸；C. view视野；D. tongue舌头。根据上文“they would walk through deep water, sit down cross-legged underwater”可推知，此处指祖母和哥哥在水下屏住呼吸。故选B。\n【33题详解】\n考查动词词义辨析。句意：我很钦佩她在水下张开嘴，还能舒服地坐在海底的能力。A. admire钦佩；B. notice注意到；C.adopt采纳；D. value重视。根据下文“her ability to open her ____14____ underwater and still sit comfortably on the seabed”可推知，此处指作者佩服祖母在水里的能力。故选A。\n【34题详解】\n考查名词词义辨析。句意：我很钦佩她在水下张开嘴，还能舒服地坐在海底的能力。A. hands手；B. mouth嘴；C. eyes眼睛；D. arms胳膊。根据上文“open her”以及下文“still sit comfortably on the seabed”可推知，此处指祖母张开嘴在水底坐着。故选C。\n【35题详解】\n考查形容词词义辨析。句意：与她的童年相比，我的童年相当快乐。A. difficult困难的；B. complex复杂的；C. happy快乐的；D. similar相似的。通读全文，再根据“compared with hers”可推知，此处指与祖母的童年经历相比，作者的童年相当快乐。故选C。\n【36题详解】\n考查形容词词义辨析。句意：我很感激我不需要像她那样经历磨难。A. grateful感激的；B. surprised惊讶的；C.  convinced深信不疑的；D. regretful后悔的。根据上文“My childhood is quite happy compared with hers.”可推知，此处指作者很感激自己的童年是快乐的。故选A。\n【37题详解】\n考查动词短语辨析。句意：我很感激我不需要像她那样经历磨难。A. reflect upon思考；B. go through经历；C. ask about询问；D. prepare for准备。根据上文“I am grateful that I did not need”以及下文“the hardships like she did”可推知，此处指作者感激自己不需要经历祖母经历过的那些磨难。故选B。\n【38题详解】\n考查名词词义辨析。句意：我从来没有遇到过受教育的问题。A.unemployment失业；B. health健康；C. education教育；D. communication沟通。通读全文，再根据上文“She did not have a chance to go to school.”可推知，文章主要讲了祖母不被允许上学，没受过教育的困境，所以此处指作者从来没有遇到过受教育的问题。故选C。\n【39题详解】\n考查动词词义辨析。句意：我想是我们不同的童年背景让我的祖母成为了一个交谈时令人惊叹的人：她的故事总是让我的历史教科书鲜活起来。A. attend出席；B. refer参考；C. lead领导；D. talk对话、讨论。结合上文祖母给作者讲故事，再根据上文“makes my grandmother such an amazing person”可推知，此处指祖母的经历使祖母成为了一个交谈时令人惊叹的人。talk to“与某人交谈”。故选D。\n【40题详解】\n考查动词短语辨析。句意：我想是我们不同的童年背景让我的祖母成为了一个交谈时令人惊叹的人：她的故事总是让我的历史教科书鲜活起来。A. come true成真；B. come round苏醒；C. come out出现；D. come alive变得生动。根据上文“I guess our different childhood background is what makes my grandmother such an amazing person to talk to: her stories always make my history textbooks”可推知，此处指作者祖母的经历和故事丰富了作者的人生，使历史书上的故事变得生动鲜活，跃然纸上。故选D。",
            "index": 0,
            "score": 1.5
        },
        {
            "year": "2024",
            "category": "新课标Ⅰ",
            "question": "阅读下面短文，从每题所给的A、B、C、D四个选项中选出最佳选项。\n16．（15分）ㅤI've been motivated﹣﹣and demotivated﹣﹣by other folks' achievement s all my life.\nㅤWhen I was a teenager，a neighborhood friend （1）　   　 a marathon race.Feeling motivated，I started running （2）　   　，but then two things happened.First，a girl I met one day told me she was （3）　   　 for a\"super，\"referring to a 52.4﹣mile double marathon.Then，the next day I went on my longest run﹣﹣15 miles.To be honest，I （4）　   　 it!Between the girl making my （5）　   　 seem small and the pure boredom of jogging，I decided that the only （6）　   　 I'd ever run again is if a big dog was running after me!\nㅤSo I （7）　   　 cycling.I got a good bike and rode a lot.I （8）　   　 of entering cycle races until I flew to San Diego to visit my sister.While she was at work one day，I （9）　   　 her bike and went for a ride.The （10）　   　：The roads there went through large valleys where I'd be riding uphill for miles at a time.I'd never faced such （11）　   　That day，I got （12）　   　 by about 100\"local\"bikers who were used to such roads.When I got back home，suddenly riding my bike didn't seem quite as （13）　   　.\nㅤI've （14）　   　 a lot since then.I've come to accept that whatever （15）　   　 I set for myself，they just have to be my own.\n（1）A.knew\tB.held\tC.won\tD.quit\n（2）A.regularly\tB.silently\tC.proudly\tD.recently\n（3）A.asking\tB.looking\tC.waiting\tD.training\n（4）A.made\tB.believed\tC.hated\tD.deserved\n（5）A.advantage\tB.achievement\tC.contribution\tD.influence\n（6）A.way\tB.risk\tC.place\tD.reason\n（7）A.gave up\tB.went on\tC.turned to\tD.dealt with\n（8）A.heard\tB.dreamed\tC.complained\tD.approved\n（9）A.painted\tB.borrowed\tC.bought\tD.parked\n（10）A.problem\tB.secret\tC.principle\tD.advice\n（11）A.dangers\tB.events\tC.opponents\tD.challenges\n（12）A.passed\tB.convinced\tC.admired\tD.stopped\n（13）A.reliable\tB.convenient\tC.familiar\tD.appealing\n（14）A.traveled\tB.matured\tC.missed\tD.worried\n（15）A.limits\tB.dates\tC.goals\tD.tests",
            "answer": [
                "C",
                "A",
                "D",
                "C",
                "B",
                "D",
                "C",
                "B",
                "B",
                "A",
                "D",
                "A",
                "D",
                "B",
                "C"
            ],
            "analysis": "【分析】本文为记叙文。短文主要讲述了作者受到他人成就的激励和挫败感的影响。青少年时期，受邻居完成马拉松的启发开始跑步，但后来因遇到一个参加超级马拉松的女孩和一次枯燥的长跑而感到自己的努力微不足道，最终放弃。转而尝试骑自行车，但在圣地亚哥骑行时遭遇挑战，被当地熟悉路况的骑行者超越，导致信心受挫。通过这些经历，作者学会了设定个人目标，不再简单地受他人影响。\n【解答】（1）考查动词及语境理解。A.knew知道；B.held举行；C.won赢得；D.quit放弃。句意：当我十几岁的时候，一个邻居的朋友赢得了一场马拉松比赛。根据下文Feeling motivated可知因为邻居赢得马拉松，作者受到激励。故选C。\n（2）考查副词及语境理解。A.regularly定期地；B.silently沉默地；C.proudly自豪地；D.recently最近。句意：感觉很有动力，我开始定期跑步，但后来发生了两件事。根据下文Then，the next day I went on my longest run﹣﹣15 miles.可知作者定期跑马拉松。故选A。\n（3）考查动词及语境理解。A.asking问；B.looking看；C.waiting等待；D.training训练。句意：首先，我有一天遇到的一个女孩告诉我，她正在为了\"超级\"训练，指的是52.4英里的双人马拉松。根据下文for a super，可知这个女孩正在训练跑超级马拉松。故选D。\n（4）考查动词及语境理解。A.made使得，制作；B.believed相信；C.hated 讨厌；D.deserved值得。句意：说实话，我讨厌它！根据下文the pure boredom of jogging可知作者讨厌跑马拉松。故选C。\n（5）考查名词及语境理解。A.advantage优势；B.achievement成就；C.contribution贡献；D.influence影响。句意：在这个让我的成就看起来很小的女孩和慢跑的纯粹无聊之间，我决定我再跑步的唯一原因是如果有一只大狗在追我！根据上文referring to a 52.4﹣mile double marathon可知，作者跑15英里的马拉松，女孩跑超级马拉松，使作者的成就很渺小。故选B。\n（6）考查名词及语境理解。A.way道路；B.risk危险；C.place地方；D.reason原因。句意：在这个让我的成就看起来很小的女孩和慢跑的纯粹无聊之间，我决定我再跑步的唯一原因是如果有一只大狗在追我！根据下文a big dog was running after me可知这是作者再跑步的原因。故选D。\n（7）考查动词短语及语境理解。A.gave up放弃；B.went on继续；C.turned to转向；D.dealt with应对。句意：因此，我转向骑车。根据上文可知作者原来是跑马拉松，现在转而骑车了。故选C。\n（8）考查动词及语境理解。A.heard听见；B.dreamed梦想；C.complained 抱怨；D.approved同意。句意：我梦想着参加自行车比赛，直到我飞往圣地亚哥看望我的姐姐。根据下文of entering cycle races可知，作者梦想参加自行车比赛。故选B。\n（9）考查动词及语境理解。A.painted画；B.borrowed借；C.bought买；D.parked停车。句意：有一天她在上班时，我借了她的自行车去骑车。根据her bike，可知作者借了姐姐的自行车。故选B。\n（10）考查名词及语境理解。A.problem问题；B.secret秘密；C.principle原则；D.advice建议。句意：问题是：那里的道路穿过大山谷，我会在那里一次上坡骑行数英里。根据下文The roads there went through large valleys where I'd be riding uphill for miles at a time可知这对作者来说是问题。故选A。\n（11）考查名词及语境理解。A.dangers危险；B.events事件；C.opponents对手；D.challenges挑战。句意：我从没有遇到那样的挑战。根据上文The roads there went through large valleys where I'd be riding uphill for miles at a time可知这对作者来说是挑战。故选D。\n（12）考查动词及语境理解。A.passed通过，超过；B.convinced使相信；C.admired 敬佩；D.stopped停止。句意：那天，我被大约100名习惯了这种道路的\"当地\"自行车手超过。根据下文who were used to such roads可知这些当地的自行车手习惯路况，应该是超过了作者。故选A。\n（13）考查形容词及语境理解。A.reliable可靠的；B.convenient方便的；C.familiar熟悉的；D.appealing有吸引力的。句意：当我回到家时，突然骑自行车似乎没有那么吸引人了。根据上文I got a good bike and rode a lot可知原来骑自行车对作者是有吸引力的，现在没有了。故选D。\n（14）考查动词及语境理解。A.traveled旅行；B.matured成熟；C.missed错过；D.worried担心。句意：从那以后我成熟了很多。根据下文I've come to accept that可知作者现在成熟了。故选B。\n（15）考查名词及语境理解。A.limits限制；B.dates日期；C.goals目标；D.tests测试。句意：我开始接受这样一个事实：无论我为自己设定了什么目标，它们都必须是我自己的。根据下文they just have to be my own可知作者开始接受这样一个事实：无论他为自己设定了什么目标，它们都必须是他自己的。故选C。",
            "index": 1,
            "score": 1.5
        },
        {
            "year": "2024",
            "category": "新课标Ⅱ",
            "question": "阅读短文，从每题所给的A、B、C、D 四个选项中选出最佳选项。\n16．（15分）ㅤWhen I decided to buy a house in Europe ten years ago，I didn't think too long.I liked traveling in France，but when it came to picking my favorite spot to （1）　   　，Italy was the clear winner.\nㅤDuring my first visit to Italy，I （2）　   　 to ask for directions or order in a restaurant.But every time I tried to （3）　   　 a sentence of Italian together，the locals smiled at me and （4）　   　my language skills.That encouragement helped me to get through the language （5）　   　.After I made Italy my permanent home，I discovered how （6）　   　 Italians are.Neighbors will bring me freshly made cheese and will come to my door to （7）　   　 me to close the window in my car when rain is coming.ㅤIt's these small （8）　   　 of kindness that make a new country feel like home.\nㅤAs a foodie，the way to my heart is through my stomach，and nowhere fuels my （9）　   　quite like Italy.Each town has its own traditional （10）　   　，and every family keeps a recipe passed from one generation to another.Families （11）　   　 for big meals on Sundays，birthdays，and whatever other excuses they can （12）　   　.These meals are always （13）　   　 by laughter and joy.Whatever （14）　   　 life in Italy might have，the problems are （15）　   　 once you sit down to a big meal with friends and family.\n（1）A.study\tB.rent\tC.visit\tD.settle\n（2）A.planned\tB.struggled\tC.refused\tD.happened\n（3）A.string\tB.hang\tC.mix\tD.match\n（4）A.improved\tB.assessed\tC.admired\tD.praised\n（5）A.course\tB.barrier\tC.area\tD.test\n（6）A.open﹣minded\tB.strong﹣willed\tC.warm﹣hearted\tD.well﹣informed\n（7）A.remind\tB.allow\tC.persuade\tD.order\n（8）A.tricks\tB.promises\tC.acts\tD.duties\n（9）A.ambition\tB.success\tC.appetite\tD.growth\n（10）A.costume\tB.dish\tC.symbol\tD.tale\n（11）A.gather\tB.cheer\tC.leave\tD.wait\n（12）A.put up with\tB.stand up for\tC.come up with\tD.make up for\n（13）A.signaled\tB.confirmed\tC.represented\tD.accompanied\n（14）A.disadvantages\tB.meanings\tC.surprises\tD.opportunities\n（15）A.created\tB.forgotten\tC.understood\tD.identified",
            "answer": [
                "D",
                "B",
                "A",
                "D",
                "B",
                "C",
                "A",
                "C",
                "C",
                "B",
                "A",
                "C",
                "D",
                "A",
                "B"
            ],
            "analysis": "【分析】本文是一篇记叙文。文章主要讲述了作者十年前选择在意大利定居的原因以及意大利的风土人情。在意大利，当地人的热情帮助和鼓励让作者克服了语言障碍，邻居们的友善行为让他感受到家的温暖。作为一个美食爱好者，意大利的传统美食和家庭聚餐文化深深吸引了他，这些共享的美食时刻让生活中的任何问题都显得微不足道。\n【解答】（1）考查名词及语境理解。A.study学习；B.rent租金；C.visit游览；D.settle定居。句意：我喜欢在法国旅行，但当谈到选择我最喜欢的定居地点时，意大利显然是赢家。根据下文After I made Italy my permanent home以及make a new country feel like home可推知，此处指作者最喜欢的定居地点。故选D。\n（2）考查动词及语境理解。A.planned计划；B.struggled吃力地进行；C.refused拒绝；D.happened发生。句意：在我第一次访问意大利时，我很难问路或在餐馆点餐。根据上文During my first visit to Italy可推知，此处指作者第一次到意大利，语言不通，很难沟通交流。故选B。\n（3）考查动词及语境理解。A.string串起；B.hang悬挂；C.mix混合；D.match配对。句意：我试着把一个意大利语句子串在一起，当地人对我微笑，称赞我的语言技能。根据下文a sentence of Italian together可推知，此处指作者努力想用意大利语串成一句话。故选A。\n（4）考查动词及语境理解。A.improved改进；B.assessed评估；C.admired钦佩；D.praised赞扬。句意：我试着把一个意大利语句子串在一起，当地人对我微笑，称赞我的语言技能。根据上文the locals smiled at me以及下文That encouragement helped me to get through the language （5）可推知，此处指作者尝试说意大利语，当地人赞扬作者的语言能力。故选D。\n（5）考查名词及语境理解。A.course课程；B.barrier障碍；C.area区域；D.test测试。句意：这种鼓励帮助我克服了语言障碍。根据上文the locals smiled at me and （4）my language skills.That encouragement helped me可推知，此处指当地人对作者的鼓励帮助他克服了语言障碍。故选B。\n（6）考查形容词及语境理解。A.open﹣minded思想开明的；B.strong﹣willed思想坚定的；C.warm﹣hearted热心的；D.well﹣informed见多识广的。句意：当我把意大利作为永久的家后，我发现了意大利人是多么的热情。根据下文Neighbors will bring me freshly made cheese and will come to my door to （7）me to close the window in my car when rain is coming可推知，此处指邻居是热情的。故选C。\n（7）考查动词及语境理解。A.remind提醒；B.allow允许；C.persuade说服；D.order命令。句意：邻居们会给我带来新鲜的奶酪，还会在下雨的时候来我家门前提醒我关上车窗。根据上文I discovered how （6）Italians are.以及will come to my door可推知，此处指热心的邻居在下雨的时候来作者家门前提醒他关上车窗。故选A。\n（8）考查名词及语境理解。A.tricks技巧；B.promises承诺；C.acts行为；D.duties职责。句意：正是这些小小的善举让一个新国家有家的感觉。根据上文Neighbors will bring me freshly made cheese and will come to my door to （7）me to close the window in my car when rain is coming可推知，此处指邻居们的善举。故选C。\n（9）考查名词及语境理解。A.ambition雄心；B.success成功；C.appetite食欲；D.growth发育。句意：作为一个美食家，通往我内心的路是通过我的胃，没有什么地方能像意大利那样刺激我的食欲。根据上文As a foodie，the way to my heart is through my stomach可推知，此处指做这是一个美食家，所以应该是刺激食欲。故选C。\n（10）考查名词及语境理解。A.costume服装；B.dish菜肴；C.symbol符号；D.tale故事。句意：每个城镇都有自己的传统菜肴，每个家庭都保存着代代相传的食谱。根据上文and nowhere fuels my （9）quite like Italy.以及下文and every family keeps a recipe passed from one generation to another可推知，此处指意大利各地都有的传统菜肴。故选B。\n（11）考查动词及语境理解。A.gather集合；B.cheer欢呼；C.leave留下；D.wait等待。句意：一家人在星期天、生日以及他们能想出的任何其他借口聚在一起吃大餐。根据上文Families以及下文the problems are （15）once you sit down to a big meal with friends and family可推知，此处指一家人聚集在一起吃饭。故选A。\n（12）考查动词短语及语境理解。A.put up with克服；B.stand up for支持；C.come up with想出；D.make up for弥补。句意：一家人在星期天、生日以及他们能想出的任何其他借口聚在一起吃大餐。根据上文and whatever other excuses they can可推知，此处指家人们为了聚在一起吃饭而想出的理由。故选C。\n（13）考查动词及语境理解。A.signaled示意；B.confirmed确认；C.represented代表；D.accompanied伴随。句意：这些饭菜总是伴随着笑声和喜悦。根据下文by laughter and joy可推知，此处指家人们在一起用餐时伴随着欢声笑语。固定搭配accompany by译为\"伴随\"。故选D。\n（14）考查名词及语境理解。A.disadvantages缺点；B.meanings含义；C.surprises惊喜；D.opportunities机会。句意：无论意大利的生活有什么缺点，一旦你和朋友和家人坐下来吃顿大餐，这些问题就会被遗忘。根据上文Whatever以及下文the problems可推知，此处指在意大利的生活有什么不如意之处。故选A。\n（15）考查动词及语境理解。A.created创建；B.forgotten忘记；C.understood理解；D.identified确认。句意：无论意大利的生活有什么缺点，一旦你和朋友和家人坐下来吃顿大餐，这些问题就会被遗忘。根据上文Whatever （14）life in Italy might have以及下文once you sit down to a big meal with friends and family可推知，此处指无论在意大利的生活有什么不如意之处，跟家人们吃一顿饭就会忘记不愉快。故选B。",
            "index": 2,
            "score": 1.5
        }
    ]
}