{
    "keywords": "2024_Geography_MCQs",
    "example": [
        {
            "year": "2024",
            "category": "全国甲卷",
            "question": "位于三江平原的某大型农场开垦沼泽地，最初主要种植小麦，近年来主要种植水稻。该农场抽取地下水注入露天水池，蓄存一段时间后引入稻田灌溉。据此完成下面小题。\n4. 该农场开垦沼泽地种植小麦，首先需要（    ）\nA. 提高土壤肥力\tB. 降低地下水位\tC. 提高土壤温度\tD. 控制土壤侵蚀\n5. 将抽取的地下水在露天水池蓄存一段时间后再引入稻田灌溉的目的是（    ）\nA. 营造景观\tB. 积蓄水量\tC. 沉淀泥沙\tD. 提高水温",
            "answer": [
                "B",
                "D"
            ],
            "analysis": "【4题详解】\n结合所学知识，阅读材料可知，我国的三江平原地区地势低平，沼泽地广布，由于小麦种植需要的是较为干旱的土壤，因此该农场要开垦沼泽地种植小麦，首先需要的是降低地下水位，将沼泽地土壤水分减少，B正确；我国东北地区的三江平原土壤是黑土和黑钙土，土壤肥沃，不需要提高肥力，A错误；三江平原地区种植春小麦，气温一般回暖，且提高土壤的温度难度很大，C错误；沼泽地一开始土壤侵蚀较弱，因此首先不需要解决该问题，D错误。答案选择B。\n【5题详解】\n结合所学知识，阅读材料可知，我国三江平原地区，纬度较高，气温较低，因此其水温也较低，尤其是地下水温水一般在5°-6°左右，直接引入稻田对水稻根系刺激很大，不利于水稻生长，所以需要提高水温，将地下水露天存蓄正好可以提高水温，然后引入稻田，减少对水稻根系的刺激，D正确；抽取地下水将进行蓄水灌溉，主要是为了水稻种植，因此其目的不是为了营造景观，A错误；三江平原地区并不缺水，不需要积蓄水量，B错误；地下水抽取后，泥沙含量本身比较低，不需要沉淀泥沙，C错误。答案选择D。",
            "index": 0,
            "score": 4
        }
    ]
}