{
    "keywords": "2024_Chinese_Modern_Lit",
    "example": [
        {
            "year": "2024",
            "category": "全国甲卷",
            "question": "2019年4月23日，习近平主席在会见应邀出席中国人民解放军海军成立70周年多国海军活动的外方代表团团长时指出：“海洋对于人类社会生存和发展具有重要意义。海洋孕育了生命、联通了世界、促进了发展。我们人类居住的这个蓝色星球，不是被海洋分割成了各个孤岛，而是被海洋连结成了命运共同体，各国人民安危与共。”作为“人类命运共同体”的重要组成部分，海洋命运共同体的建设目标是打造一个持久和平、普遍安全、共同繁荣、开放包容、清洁美丽的海洋环境。\n要实现海洋的持久和平与普遍安全，各国必须摒弃传统的大国争霸思路，充分照顾彼此的安全关切和合理利益，联合起来打击海盗、人口走私、贩毒等海上犯罪行为，在涉及海洋权益争端时通过友好协商的方式来解决问题，短期内无法协商的问题可以考虑搁置争议。共同繁荣、开放包容和清洁美丽的愿景意味着，我们要坚持开放的自由贸易体系，同时共同应对气候变化、海洋环境保护等问题，发挥海洋作为国际贸易大通道的积极作用，关注发展中国家的发展诉求。随着人类技术水平的提升和各国经济发展对资源需求的日益增加，各国都希望开发利用更多的海洋资源。如何才能在更好地利用海洋资源的同时又促进可持续发展、构建海洋命运共同体？习近平总书记提出海洋发展的“四个转变”：“要提高海洋资源开发能力，着力推动海洋经济向质量效益型转变”\n；“要保护海洋生态环境，着力推动海洋开发方式向循环利用型转变”；“要发展海洋科学技术，着力推动海洋科技向创新引领型转变”；“要维护国家海洋权益，着力推动海洋维权向统筹兼顾型转变”。这为海洋开发利用指明了方向。\n具体到全球、地区和双边层面，构建海洋命运共同体应该着眼于不同的路径，这样才更具有可行性。\n在全球层面，构建海洋命运共同体主要着眼于涉海全球公共问题的治理，各国应致力于构建更加公正合理、稳定有效的国际法和国际规则体系。目前，发达国家和发展中国家在海洋资源的开发利用方面仍然存在矛盾。发达国家过于强调公海自由原则，希望利用技术上的优势开发更多的公海资源。发展中国家更多强调公海作为人类共同财产的原则。如果公海被确定为人类共同财产，那么它就不得被占有，所有国家共同参加公海管理，积极分享公海开发中获取的利益，并保障公海只用于和平目的。人类共同财产原则更有利于保护公海环境和对海洋资源的可持续开发利用，对于实现持久和平与共同繁荣的愿景来说更为可行。总的来说，全球层面的海洋命运共同体构建，应着眼于建立更加有效的合作制度体系。\n在地区和双边层面，由于相关成员在海洋利益方面拥有更多的交集，海洋命运共同体的构建应着眼于以下几个方面：其一，如果某个地区内或者两国间存在海洋权益争端，应该致力于让局势降温，避免引发军事冲突，为海上贸易和人员往来提供安全的环境。地区大国和地区性的安全架构应该在这一方面发挥主要作用。其二，建立高水平的区域经济合作制度，充分发挥海洋作为运输大动脉的作用，提升两国间或者地区内成员国之间的经济交流水平。其三，对两国或者本地区的海洋环境保护开展联合行动，保护海洋资源、打击海上违法犯罪以及联合进行海上搜救等。\n（摘编自宋伟《海洋命运共同体构建与新的海洋文明》）\n1. 下列关于原文内容的理解和分析，不正确的一项是（   ）\nA. 各国之间可能存在或大或小的海洋权益争端，但这不应妨碍争议各方携手参与海洋命运共同体的构建。\nB. 如何在保障人类更好利用海洋资源的同时促进可持续发展，这是构建海洋命运共同体需要应对的挑战。\nC. 在全球层面，既有的国际法和国际规则体系不够完备，效率不高，也没有建立起相应的合作制度体系。\nD. 高水平的区域经济合作制度，有利于发挥海运优势，促进经济交流，是构建海洋命运共同体的一部分。\n2. 下列对原文论证的相关分析，正确的一项是（   ）\nA. 文章着眼于人类社会生存和发展，主要论述了海洋命运共同体的建设目标和愿景。\nB. 文章用了较大篇幅讨论海洋的发展和生态环保问题，凸显了这些问题的优先性。\nC. 第四段对比发达国家和发展中国家的不同主张，以证明公海是人类的共同财产。\nD. 文章围绕海洋命运共同体的理念展开，分析问题时注意区分不同的角度和层次。\n3. 根据原文内容，下列说法不正确的一项是（   ）\nA. 传统的大国争霸思路更多关注本国利益，容易引发海洋地缘纷争，威胁海洋安全。\nB. 构建海洋命运共同体，应当从地区和双边逐步推广至全球，这样才更有可行性。\nC. 人类共同财产的原则并不反对公海资源开发，也不谋求任何国家权益的优先性。\nD. 在海洋命运共同体的构建中，地区大国和地区性的安全架构理应发挥更大的作用。",
            "answer": [
                "C",
                "D",
                "B"
            ],
            "analysis": "【1题详解】\n本题考查学生对原文内容的理解和分析能力。\nC.“既有的国际法和国际规则体系不够完备，效率不高，也没有建立起相应的合作制度体系”错误。原文提到的是“在全球层面，构建海洋命运共同体主要着眼于涉海全球公共问题的治理，各国应致力于构建更加公正合理、稳定有效的国际法和国际规则体系”“总的来说，全球层面的海洋命运共同体构建，应着眼于建立更加有效的合作制度体系”，可见并没有说现有的体系不够完备，效率不高，也没有提到没有建立起相应的合作制度体系，只是强调要“更加公正合理、稳定有效”“更加有效”，选项曲解文意，无中生有。\n故选C。\n【2题详解】\n本题考查学生对原文论证的相关分析能力。\nA.“主要论述了海洋命运共同体的建设目标和愿景”错误。文章开头先说明了海洋的重要性，进而提出海洋命运共同体的建设目标，而正文主体部分主要论证的是如何实现目标，也就是构建海洋命运共同体的着眼点，即怎么做的问题，可见主要论述的并非海洋命运共同体的建设目标和愿景。\nB.“凸显了这些问题的优先性”错误。选项中的“这些”指“海洋的发展和生态环保问题”，讨论的目的在于引出解决问题的方法，即“如何才能在更好地利用海洋资源的同时又促进可持续发展、构建海洋命运共同体？”可见并非“凸显了这些问题的优先性”，理解偏颇，曲解文意。\nC.“以证明公海是人类的共同财产”错误。第四段对比发达国家和发展中国家的不同主张，是为了得出“人类共同财产原则更有利于保护公海环境和对海洋资源的可持续开发利用，对于实现持久和平与共同繁荣的愿景来说更为可行”，进而归结到：全球层面的海洋命运共同体构建，应着眼于建立更加有效的合作制度体系。\n故选D。\n【3题详解】\n本题考查学生理解作者观点态度并进行合理推断的能力。\nB.“应当从地区和双边逐步推广至全球，这样才更有可行性”错误。倒数第三段说“具体到全球、地区和双边层面，构建海洋命运共同体应该着眼于不同的路径，这样才更具有可行性”，选项偷换信息，“这样”指代对象不同，文中可行性的内容并非“从地区和双边逐步推广至全球”，且结合后数三段分析“全球层面”“地区和双边层面”为平行并列关系，而不是“从地区和双边逐步推广至全球”，选项曲解文意。\n故选B。",
            "index": 0,
            "score": 3
        },
        {
            "year": "2024",
            "category": "新课标Ⅰ",
            "question": "阅读下列文字，完成下面小题。\n材料一：\n（四五）中国由劣势到平衡到优势，日本由优势到平衡到劣势，中国由防御到相持到反攻，日本由进攻到保守到退却——这就是中日战争的过程，中日战争的必然趋势。\n（四六）于是问题和结论是：中国会亡吗？答复：不会亡，最后胜利是中国的。中国能够速胜吗？答复：不能速胜，必须是持久战。这个结论是正确的吗？我以为是正确的。\n（四七）讲到这里，亡国论和妥协论者又将跑出来说：中国由劣势到平衡，需要有同日本相等的军力和经济力；由平衡到优势，需要有超过日本的军力和经济力；然而这是不可能的，因此上述结论是不正确的。\n（四八）这就是所谓“唯武器论”，是战争问题中的机械论，是主观地和片面地看问题的意见。我们的意见与此相反，不但看到武器，而且看到人力。武器是战争的重要的因素，但不是决定的因素，决定的因素是人不是物。\n力量对比不但是军力和经济力的对比，而且是人力和人心的对比。军力和经济力是要人去掌握的。如果中国人的大多数、日本人的大多数、世界各国人的大多数是站在抗日战争方面的话，那末，日本少数人强制地掌握着的军力和经济力，还能算是优势吗？它不是优势，那么，掌握比较劣势的军力和经济力的中国，不就成了优势吗？没有疑义，中国只要坚持抗战和坚持统一战线，其军力和经济力是能够逐渐地加强的。而我们的敌人，经过长期战争和内外矛盾的削弱，其军力和经济力又必然要起相反的变化。在这种情况下，难道中国也不能变成优势吗？还不止此，目前我们不能把别国的军力和经济力大量地公开地算作自己方面的力量，难道将来也不能吗？如果日本的敌人不止中国一个，如果将来有一国或几国以其相当大量的军力和经济力公开地防御或攻击日\n公开地援助我们，那末，优势不更在我们一方面吗？日本是小国，其战争是退步的和野蛮的，其国际地位将益处于孤立；中国是大国，其战争是进步的和正义的，其国际地位将益处于多助。所有这些，经过长期发展，难道还不能使敌我优劣的形势确定地发生变化吗？\n（摘自毛泽东《论持久战》）\n材料二：\n1938年5月，毛泽东发表著名的《论持久战》，系统阐述了关于持久战的战略思想。\n首先，毛泽东分析了中国实施持久战的外部原因。他说：“中日战争不是任何别的战争，乃是半殖民地半封建的中国和帝国主义的日本之间在二十世纪三十年代进行的一个决死的战争。”他列举了中日双方“互相反对”的四个特点。除战争的正义、非正义，以及与此相关的寡助、多助问题外，他特别强调了敌强我弱和敌小我大的问题。日本的强，表现在它的军力、经济力和政治组织力，这就决定了中国的抗日战争不能很快取得胜利。日本的小，表现在国度小，其人力、军力、财力、物力均经不起长期战争的消耗，这就决定了中国可以通过持久战而最终打败日本。\n其次，毛泽东分析了中国实施持久战的内部条件。这个条件是什么？简单地说，就是把已经发动的抗战发展为全面的全民族的抗战。毛泽东以“兵民是胜利之本”为标题，专门论述了全面抗战和全民族抗战的观点。关于军队，他强调要把政治精神贯注于军队之中，这样才能激发官兵最大限度的抗战热忱。关于民众，他提出“战争的伟力之最深厚的根源，存在于民众之中”。共产党一直把“放手发动群众，壮大人民力量”作为自己的抗战路线，人民战争理论的科学性也得到了广泛印证。\n以毛泽东为首的中国共产党人，不仅提出了抗日持久战战略，而且具体阐释了实施抗日持久战的方法。毛泽东指出，在中国大而弱、日本小而强的情况下敌人可以占地甚广，却在占领地留下很多空虚的地方，“因此抗日游击战争就主要地不是在内线配合正规军的战役作战，而是在外线单独作战”。毛泽东还具体分析了游击战的战略内容、游击战与正规战的配合等问题。在这一思想指导下，共产党领导的军队在敌后广泛展开游击战争，卓有成效地牵制与消耗日军，发挥了巨大战略作用。\n有一种说法，认为抗日持久战的思想不是毛泽东最早提出的。这种说法主要依据蒋百里、陈诚等人的言论，蒋介石也有过“持久消耗战”的言论。这种认识都源于一个客观存在，即中国是一个落后大国，日本是一个先进小国。承认这个客观存在的人，并不需要特别的先见之明，就会得出中日战争将是持久战的结论。\n但是，仅仅看到由客观条件造成的抗日战争的持久性，还远远不是抗日持久战的战略思想。蒋介石等人缺乏对中国与世界关系以及世界格局演变的辩证思考，因此他们对所谓“持久”的把握往往脱离实际，盲目地寄希望于西方国家的调停或干预。而中国共产党的持久战思想，是建立在对与战争相关的一切外部与内部复杂因素进行深刻分析的基础之上的，对于战争不同阶段的关系、战略持久与战役速决的关系等，都有完整的科学分析。因此它的持久战战略，既不会因为一时顺利而幻想“速胜”，也不会因为一时挫折而失去必胜的信心。\n（摘编自荣维木《中国共产党抗日持久战的战略与实践》）\n1. 下列对材料相关内容的理解和分析，不正确的一项是（   ）\nA. 《论持久战》在分析抗战走势时，并未局限于中日两国，而是展现出对世界整体局势变化的宏观把握。\nB. 落后大国面对先进小国的侵略，不可能速胜，必然要经历由劣势到平衡、由平衡到优势的持久战争过程。\nC. “不但看到武器，而且看到人力”，指在承认军力和经济力差距的前提下，相信人力和人心才是胜利之本。\nD. 中国共产党的抗日持久战思想不只体现在判断抗战将会长久，更体现在对战争走向作出了全面科学的分析。\n2. 根据材料内容，下列说法不正确的一项是（   ）\nA. 日本的军力和经济力并不占优势，因为它们仅仅掌握在日本少数人的手中。\nB. 抗日游击战要更多承担外线单独作战的任务，这是当时战争的客观形势决定的。\nC. 抗战整体进程是持久的，不过具体到某一场战役，也可根据实际情况速战速决。\nD. 中国共产党提出的抗日持久战相信得道多助，也愿意接受国际力量的援助。\n3. 下列选项符合材料二中实施持久战的“内部条件”的一项是（   ）\nA. 敌虽强，但敌之强已为其他不利的因素所减杀。\nB. 除东三省等地外，敌人实际只能占领大城市、大道和某些平地。\nC. 中国的短处是战争力量之弱，而其长处则在其战争本质的进步性和正义性。\nD. 动员了全国的老百姓，就造成了陷敌于灭顶之灾的汪洋大海。",
            "answer": [
                "B",
                "A",
                "D"
            ],
            "analysis": "【1题详解】\n本题考查学生对材料相关内容的理解和分析的能力。\nB．“必然要经历由劣势到平衡、由平衡到优势的持久战争过程”错误，以偏概全，由材料一第一段“中国由劣势到平衡到优势……这就是中日战争的过程，中日战争的必然趋势”可知，“中日战争的必然趋势”不代表所有“落后大国面对先进小国的侵略”的必然趋势。\n故选B。\n【2题详解】\n本题考查学生分析论证思路、整合信息的能力。\nA.“日本的军力和经济力并不占优势，因为……”错误，材料一第五段提出日本劣势的理由是“力量对比……而且是人力和人心的对比”，并进一步提出一个观点“军力和经济力是要人去掌握的”，并进行假使假设“如果中国……，那么，日本少数人……”，在删掉大前提的情况下，分析“日本的军力和经济力并不占优势”，属于断章取义、强加因果。\n故选A。\n【3题详解】\n本题考查学生理解文章重要概念的能力。\n材料二第三段“分析了中国实施持久战的内部条件”即“全面的全民族的抗战”，包括“官兵”“民众”。\nA.“其他不利的因素”是外部条件。\nB．“敌人实际只能占领”是客观局势，属于外部条件。\nC．“战争本质的进步性和正义性”是“实施持久战的外部原因”。\nD．“动员了全国的老百姓”属于“全面的全民族的抗战”，符合实施持久战的“内部条件”。\n故选D。",
            "index": 1,
            "score": 3
        }
    ]
}