{
    "keywords": "2024_History_MCQs",
    "example": [
        {
            "year": "2024",
            "category": "全国甲卷",
            "question": "1. 春秋时期，周王室衰微，诸侯争当“盟主”。齐国、晋国、楚国接续争雄，吴越争霸。诸侯成为“盟主”可以（    ）\nA. 取代周天子获得分封权力\tB. 成为诸侯国的“大宗”\nC. 免除向周王室纳税的义务\tD. 号令各诸侯国的行动",
            "answer": [
                "B"
            ],
            "analysis": "【详解】本题是单类型单项选择题。据本题主题干的设问词，可知这是影响题。据本题时间信息可知准确时空是：春秋时期（中国）。根据材料并结合所学可知，春秋时期，随着生产力的发展和进步，部分诸侯成为“盟主”，其自身的号召力不断增强，一定程度上来说，周天子即天下之大宗，诸侯同盟此举，无不威胁着周王室的统治，固称成为诸侯国的“大宗”，B项正确；春秋时期，周王室权力式微，但在宗法和礼乐制度之下，各诸侯即使力量壮大，也不可取代周室，排除A项；诸侯受周天子分封，具有向其纳税，贡赋等义务，排除C项；诸侯成为“盟主”，只能号令同盟诸侯，并不能号令各诸侯，D项表述过于绝对，排除D项。故选B项。",
            "index": 0,
            "score": 4
        },
        {
            "year": "2024",
            "category": "全国甲卷",
            "question": "2. 隋唐时期，常有商贩运着木材到城中指定区域进行售卖，也有人在城外种植桑树，然后砍伐送到城市作为柴薪进行售卖为生。由此可知，该时期（    ）\nA. 重农抑商政策废弛\tB. 城市能源问题突出\nC. 商品经济不断发展\tD. 市镇经济开始兴起",
            "answer": [
                "C"
            ],
            "analysis": "【详解】本题是单类型单项选择题。据本题主题干的设问词，可知这是推断题。据本题时间信息可知准确时空是：隋唐时期（中国）。根据材料“隋唐时期，常有商贩运着木材到城中指定区域进行售卖，也有人在城外种植桑树，然后砍伐送到城市作为柴薪进行售卖为生。”可分析得出隋唐时期，商品贸易逐渐走向规范化和自发性，反映出当时商品经济不断发展，C项正确；重农抑商政策在中国古代史上是历史主流，并未废除，排除A项；材料未涉及城市能源问题，B项表述与材料无关，排除B项；材料所给时间为隋唐，市镇经济出现在明朝中后期，与时间不符，排除D项。故选C项。",
            "index": 1,
            "score": 4
        },
        {
            "year": "2024",
            "category": "全国甲卷",
            "question": "3. 明代中后期士大夫广泛参与日用类书籍编纂。弘治年间进士邝璠以《耕织图》为蓝本，编撰《便民图纂》一书，为苏南一带农村日常生活及农事活动提供指导。其内容庞杂，载有农艺、园艺、养畜等农业技术和饮食器用方面的知识。《便民图纂》的出现体现了（    ）\nA. 朝廷加强对社会的控制\tB. 士大夫阶层趋于世俗化\nC. 平民文化需求范围扩大\tD. 日常生产生活的标准化",
            "answer": [
                "B"
            ],
            "analysis": "【详解】本题是单类型单项选择题。据本题主题干的设问词，可知这是本质题。据本题时间信息可知准确时空是：明代中后期（中国）。根据材料“明代中后期士大夫广泛参与日用类书籍编纂”可知，明代中后期士大夫材编纂的书籍更关注日常生活与农事活动，体现出士大夫更愿意参与到世俗生活中去，强调的是士大夫思想的世俗化特征，B项正确；《便民图纂》的编纂与朝廷加强对社会的控制无关，且该类书籍是服务于百姓生活的，排除A项；材料的主语是士大夫阶层编纂书籍出现新方向，并非平民的文化需求的变化，排除C项；《便民图纂》有利于增加百姓日用生活方面的知识，但并非意味着人们的日常生产生活走向标准化，排除D项。故选B项。",
            "index": 2,
            "score": 4
        },
        {
            "year": "2024",
            "category": "全国甲卷",
            "question": "4. 清初《西游记》《三国演义》等小说出版盛行，广为传播，同时出现了满文版本进行刊印。而对于清政府认为会败坏社会风气，影响社会稳定的书籍则被列为禁书，进行销毁。这导致了（    ）\nA. 世俗文化发展停滞化\tB. 社会政治和平失序化\nC. 政府的思想专制僵化\tD. 传统伦理道德的延续",
            "answer": [
                "C"
            ],
            "analysis": "【详解】本题是单类型单项选择题。据本题主题干的设问词，可知这是影响题。据本题时间信息可知准确时空是：清初（中国）。根据材料“而对于清政府认为会败坏社会风气，影响社会稳定的书籍则被列为禁书，进行销毁。”可知，政府对其认为影响社会风气的书籍进行封禁，体现出政府对思想文化方面的控制，通过钳制思想去巩固统治，C项正确；世俗文化发展会走向缓慢，并非停滞，排除A项；清政府将败坏社会风气，影响社会稳定的书籍列为禁书，其目的是为了巩固统治，不会导致社会政治和平失序化，排除B项；《三国演义》小说中就提及了忠、孝的思想，这些小说是否被封禁，并不会直接导致传统伦理道德的发展进程，传统伦理道德始终在延续着，排除D项。故选C项。",
            "index": 3,
            "score": 4
        },
        {
            "year": "2024",
            "category": "全国甲卷",
            "question": "5. 19世纪50年代之前，江苏镇江府土地多集中于地主手中。而到了六七十年代，镇江府“大地主不复存在”，十之八九的土地为耕者所有，1888年后基本集中在小农户手上。导致这一现象出现的原因是（    ）\nA. 西方列强入侵\tB. 民族资本主义的发展\nC. 太平天国运动\tD. 土地商品化程度提高",
            "answer": [
                "C"
            ],
            "analysis": "【详解】本题是单类型单项选择题。据本题题干的设问词可知是原因题。据本题时间信息可知准确时空：19世纪六七年代（中国）。据材料可知，19世纪六七十年代镇江的大地主不复存在了，土地为农民所有。结合所学可知，1853年太平天国定都天京，活动区域包括了江浙地区，农民起义冲击了地主阶级的统治。因此这一时期大地主土地所有制被冲击，农民获得了土地。C项正确；1858年第二次鸦片战争爆发，西方列强沿海北上，在天津和北京地区，与材料的江苏镇江地区无关，排除A项；民族资本主义的发展在城市，而不是农村，对土地制度不会产生影响，排除B项；大地主不复存在意味着地主土地所有制遭到破坏，而土地商品化指土地的买卖，与地主土地所有制的破坏不一样，排除D项。故选C项。",
            "index": 4,
            "score": 4
        },
        {
            "year": "2024",
            "category": "全国甲卷",
            "question": "6. 20世纪初，清廷正式宣布考察政治的决定后，获得了国内外社会各界广泛认同，舆论普遍认为这是朝廷对立宪政治认识的大转变。“纷纷革命颈流血，无非蛮动力。一人坐定大风潮，立宪及今朝。”一时间内国内外革命的风声也都消失。由此可见清末宪政（    ）\nA. 一定程度上缓和了社会矛盾\tB. 使得知识分子意见趋向统一\nC. 是清廷通过改革自救的手段\tD. 符合其时代背景和政治需求",
            "answer": [
                "D"
            ],
            "analysis": "【详解】本题是单类型单项选择题。据本题题干的设问词可知是推断题。据本题时间信息可知准确时空：20世纪初（中国）。据材料可知，晚清政府的考察宪政的决定获得社会各界的广泛认同，革命风声也消失了。因此清末宪政符合当时很多国人希望立宪改革的呼声，D项正确；A项和C项都符合清末宪政的意义，但没有D项表述完整全面，排除AC项；“趋向统一”说法绝对，革命党人是不同意改良的，排除B项。故选D项。",
            "index": 5,
            "score": 4
        },
        {
            "year": "2024",
            "category": "全国甲卷",
            "question": "7. 下图表（表）为1943年陕甘宁边区佳县城关区各阶层公粮负担情况。\n| 阶层 | 户数 | 人口 | 总收入 (石) | 公粮（石） | 公粮占收入% |\n| :---: | :---: | :---: | :---: | :---: | :---: |\n| 地主 | 16 | 91 | 462.0 | 104.70 | $22.6 \\%$ |\n| :---: | :---: | :---: | :---: | :---: | :---: |\n| 富农 | 40 | 356 | 679.5 | 92.09 | $13.5 \\%$ |\n| 中农 | 244 | 1352 | 1481.8 | 120.95 | $8.1 \\%$ |\n| 贫农 | 588 | 2498 | 1376.8 | 30.34 | $2.1 \\%$ |\n| 雇农 | 64 | 235 | 58.8 |  | - |\n| 其它 | 37 | 214 | 111.3 | 2.92 | $2.6 \\%$ |\n| 合计 | 989 | 4746 | 4170.2 | 351.00 | $8.4 \\%$ |\n这一现象体现了（    ）\nA. 社会阶级间的差距的扩大\tB. 农民生产生活需求的满足\nC. 中国共产党阶级基础扩大\tD. 抗日民族统一战线的巩固",
            "answer": [
                "D"
            ],
            "analysis": "【详解】本题是单类型单项选择题。据本题题干的设问词可知是本质题。据本题时间信息可知准确时空：1943年（中国）。据材料可知，1943年陕甘宁边区佳县政府征收除了雇农之外各阶层的公粮，地主缴纳公粮占收入最多，不同层次的农民缴纳相对较少。结合所学可知，抗日战争时期中国共产党实行双减双交政策，团结了各个阶层力量来共同抗日，巩固抗日民族统一战线。因此各阶层负担公粮，缓和了矛盾，凝聚了抗日力量，巩固了抗日民族统一战线，D项正确；各阶层的公粮负担是有差异，但不能得出差距在扩大，排除A项；材料体现了各阶层缴纳公粮的情况，不能得出农民生产生活需求得到满足，排除B项；中国共产党的阶级基础是工人和农民，地主并不是中共的阶级基础，排除C项。故选D项。",
            "index": 6,
            "score": 4
        },
        {
            "year": "2024",
            "category": "全国甲卷",
            "question": "8. 1982年《中华人民共和国宪法》第四十七条中规定：公民有进行科学研究、文学艺术创作和其他文化活动的自由。国家对于从事教育、科学、技术、文学、艺术和其他文化事业的公民的有益于人民的创造性工作，给以鼓励和帮助。这一规定（    ）\nA. 有助于“双百方针”的贯彻落实\tB. 开启了全国性的思想解放运动\nC. 推动了基层的民主与法治建设\tD. 确立以人民为导向的创作方向",
            "answer": [
                "A"
            ],
            "analysis": "【详解】本题是单类型单项选择题。据本题题干的设问词可知是影响题。据本题时间信息可知准确时空：1982年（中国）。据材料可知，1982年的宪法中规定：公民有从事科学研究和文艺创作、活动的自由权力。国家鼓励和支持以人民为导向的创造性工作。结合所学可知，“双百方针”是指党和政府保障科学文艺工作活动的自由。因此宪法的规定有助于“双百方针”的贯彻落实，A项正确；真理标准问题的讨论推动了全国性的思想解放运动，而不是1982年的宪法，排除B项；宪法规定公民的权利，而不是基层组织的民主与法治建设，排除C项；宪法对有益于人民的创造性工作给以鼓励和帮助，不能得出该规定就确立了以人民为导向的创造方向，属于绝对化表述，排除D项。故选A项。",
            "index": 7,
            "score": 4
        },
        {
            "year": "2024",
            "category": "全国甲卷",
            "question": "9. 在14世纪之前，人们把时间寄托给上帝，时间是“走向永恒过渡”。而在文艺复兴时代，人文主义者除了在职业古用的时间之外，勤奋研究古典文艺，他们强调要掌控时间，把握当下。一位意大利的母亲在给她儿子的信中说道，“要好好利用时间，不要荒废了时间……”这表明文艺复兴（    ）\nA. 冲击了宗教势力\tB. 因信称义开始确立\nC. 强化了世俗观念\tD. 天赋人权广泛传播",
            "answer": [
                "C"
            ],
            "analysis": "【详解】本题是单类型单项选择题。据本题主题干的设问词，可知这是本质题。据本题时间信息可知准确时空是：文艺复兴时期（世界）。根据材料“而在文艺复兴时代，人文主义者除了在职业古用的时间之外，勤奋研究古典文艺，他们强调要掌控时间，把握当下。”并结合所学可知，文艺复兴以人为核心，尊重人的价值，材料强调时间从上帝到世俗，提倡珍惜时间，反映出文艺复兴时期，人们的思想获得解放，更加关注现世生活，C项正确；材料未涉及对宗教势力的冲击，排除A项；16世纪马丁·路德宗教改革时，提出因信称义，排除B项；启蒙运动时期提出天赋人权的思想，并逐渐广泛传播，排除D项。故选C项。",
            "index": 8,
            "score": 4
        },
        {
            "year": "2024",
            "category": "全国甲卷",
            "question": "10. 18世纪上半叶，英国纺织厂女工如果在劳作的时候停下来休息，并不会有人过多在意。而到了18世纪下半叶，纺织原料由工厂统一供应和调配，整个生产过程处于工厂主的监督管理之下，纺织厂各生产环节协同劳作，这使得女织工不能够轻易休息。这一现象表明工业革命（    ）\nA. 解放了女工人身的自由\tB. 提高了工人生产自主性\nC. 推动了生产组织的变革\tD. 强化了工厂的管理能力",
            "answer": [
                "C"
            ],
            "analysis": "【详解】本题是单类型单项选择题。据本题题干的设问词可知是本质题。据本题时间信息可知准确时空：18世纪下半叶（英国）。据材料可知，18世纪下半叶，纺织厂的生产组织和管理形式发生了变化，女工不能轻易的休息。结合所学可知，18世纪下半叶，以改良蒸汽机为代表的一系列技术革新引发了手工劳动到机器大生产的巨大变革。工厂出现，工厂制度逐渐形成。工厂制度带来了生产组织的巨变，因此材料的现象表明工业革命推动了生产组织的变革，C项正确；工业革命束缚了女工的人身自由，排除A项；工业革命降低了工人生产的自主性，排除B项；工业革命改变了纺织厂的管理形式，而不是强化了工厂的管理能力，排除D项。故选C项。",
            "index": 9,
            "score": 4
        },
        {
            "year": "2024",
            "category": "全国甲卷",
            "question": "11. 伏尔泰在一次集会上说“像牛顿这样一千年才出现一个的人，才真正是个伟大的人物……而那些该尊敬的，是以真理的力量主宰人们的精神的人，而不是用暴力把人们变成奴隶的人，是指认识宇宙的人，而不是歪曲宇宙的人。”据此可知，伏尔泰（    ）\nA. 崇尚理性精神力量\tB. 批判封建并且反对愚昧\nC. 主张实行精英政治\tD. 倡导建立自然科学体系",
            "answer": [
                "A"
            ],
            "analysis": "【详解】本题是单类型单项选择题。据本题主题干的设问词，可知这是推断题。据本题时间信息可知准确时空是：近代（世界）。 根据材料“像牛顿这样一千年才出现一个的人，才真正是个伟大的人物……而那些该尊敬的，是以真理的力量主宰人们的精神的人，而不是用暴力把人们变成奴隶的人，是指认识宇宙的人，而不是歪曲宇宙的人。”并结合所学可知，伏尔泰是法国启蒙思想家，推崇理性思考，否定外在权威，A项正确；伏尔泰批判反对专制主义和宗教愚昧，但材料未涉及相关内容，排除B项；政治精英是西方政治学术语，指由政治共同体全体成员中最优秀的少数人组成的上层集团，伏尔泰主张开明君主制，排除C项；牛顿倡导建立自然科学体系，排除D项。故选A项。",
            "index": 10,
            "score": 4
        },
        {
            "year": "2024",
            "category": "全国甲卷",
            "question": "12. 20世纪40年代，好莱坞曾经拍摄过一系列正面表现苏联的电影，从苏联的视角对其进行了相对正面的刻画。而20世纪50年代年之后，苏联在美国电影里的形象也很快出现了急转弯，苏联对美国的威胁成了好莱坞电影的重要主题之一。美国这一态度转变反映出（    ）\nA. 两极格局的正式形成\tB. 国际形势影响价值观\nC. 雅尔塔体系走向瓦解\tD. 冷战聚焦于文化领域",
            "answer": [
                "B"
            ],
            "analysis": "【详解】本题是单类型单项选择题。据本题主题干的设问词，可知这是本质题。据本题时间信息可知准确时空是：20世纪40年代（世界）。根据材料可知，20世纪40年代美苏是世界反法西斯战场中的盟友，故美国方面对苏联形象的刻画较为正面，二战结束后，美苏从盟友走向了对手，两极格局逐步形成，故苏联在美国电影里的形象也受到了影响，这反应出美苏大国之间国际关系的变化，从二战同盟到大国争霸的趋势，本质是国家利益和国家意思形态的不同，B项正确；1955年华沙条约的形成标志着两极格局正式形成，A项正确；1989年的东欧剧变和1991年的苏联解体，标志着两极格局上的瓦解，也象征着雅尔塔体系最终瓦解，排除C项；材料的主旨信息并非冷战聚焦于文化领域，而是美苏关系变化的实质，排除D项。故选B项。",
            "index": 11,
            "score": 4
        },
        {
            "year": "2024",
            "category": "新课标",
            "question": "1. 考古学者在某史前遗址发掘出1300余座墓葬，大、中、小三类墓葬分别占总数的不到1%、近10%和90%。其中大型墓葬规模大、随葬品丰富，出土了成套的石制、陶制礼器等。据此可以推断，该遗址处于（    ）\nA. 旧石器时代早期\tB. 旧石器时代晚期\nC. 新石器时代早期\tD. 新石器时代晚期",
            "answer": [
                "D"
            ],
            "analysis": "【详解】本题是单类型单项选择题。据本题主题干的设问词，可知这是推断题。据本题时间信息可知准确时空是：新石器时代（中国）。根据材料可知并结合所学可知，墓葬中随葬品的多寡反映出贫富差别开始出现，阶级已经萌芽，社会中正孕育着文明因素，结合所学新石器时代晚期，社会经济文化水平发展到更高的层次，青铜铸造已经发明，城市出现，墓葬中随葬品的种类和数量相差悬殊，反映了阶级的出现，表明在此阶段已经出现了文明的曙光，社会历史已接近文明时代的门槛，D项正确；旧石器时代是指以使用打制石器为标志的人类物质文明发展阶段，距今约250万年～约1万年前，从事渔猎和采集，过着群居生活，生产力发展水平有限，并未出现阶级分化，排除A、B项；新石器时代早期，考古学文化的石器仍以打制为主，磨制很少，陶器\n居民生活以渔猎采集为主，农业和家畜饲养业处于初期阶段，且早期，社会复杂化程度相对较低，发现的大型聚落及墓葬较少，排除C项。故选D项。",
            "index": 12,
            "score": 4
        },
        {
            "year": "2024",
            "category": "新课标",
            "question": "2. 春秋战国时期，各国纷纷进行政治变革，争相延揽人才，诸子百家大都呼吁“选贤与能”。不认同这一理念的学派是（    ）\nA. 儒家\tB. 墨家\tC. 道家\tD. 法家",
            "answer": [
                "C"
            ],
            "analysis": "【详解】本题是单类型单项选择题。据本题主题干的设问词，可知这是反向题。据本题时间信息可知准确时空是：春秋战国时期（中国）。结合所学可知，道家提倡道法自然、无为而治、与自然和谐相处，代表没落的奴隶主贵族阶层，其思想较为保守和倒退，并不积极主张变法改革，延揽人才，C项正确；儒家思想中孟子、荀子分别提出“仁政”“隆礼重法”等思想，代表了新兴的地主阶级的利益，其主张一定程度上迎合了诸侯国变法改革的需要，排除A项；墨家代表社会下层小生产者的利益，主张“尚贤”，希望有贤能的人治理国家，排除B项；法家提出了富国强兵、以法治国的思想，主张今必胜昔，因时变革，排除D项。故选C项。",
            "index": 13,
            "score": 4
        },
        {
            "year": "2024",
            "category": "新课标",
            "question": "3. 三国魏代汉、西晋代魏，都通过“禅让”实现：权臣在切实掌握军政权力后，皇帝下诏表彰其功业、德行，表示尊重天意、民心，主动让位；公卿大臣则群起劝进，权臣再三谦退，“不得已”建立新政权。“禅让”反复出现（    ）\nA. 保障了政治和平稳定\tB. 放弃了血缘世袭传统\nC. 维护了特权阶层利益\tD. 巩固了儒学忠孝伦理",
            "answer": [
                "C"
            ],
            "analysis": "【详解】本题是单类型单项选择题。据本题主题干的设问词，可知这是本质题。据本题时间信息可知准确时空是：三国两晋时期（中国）。根据材料“权臣在切实掌握军政权力后，皇帝下诏表彰其功业、德行，表示尊重天意、民心，主动让位；公卿大臣则群起劝进，权臣再三谦退，“不得已”建立新政权。”并结合所学可知，三国魏代汉、西晋代魏，都通过“禅让”的方式实现，禅让一定程度上迎合了一大批官僚集团的心理需求，他们也希望皇帝把这个位置让给那些权臣们，这样不仅仅能使政治局面和平过渡，同时根本上也维护了官僚集团的政治利益和经济利益，C项正确；“保障了”的说法太过绝对，不能依赖禅让方式就实现政治的和平稳定，排除A项；“放弃了”的说法不符合史实，封建社会政权的延续仍是家天下，排除B项；皇帝下\n本质上是被迫的行为，权臣实质上仍是夺取了皇帝的权力，这不符合儒家思想中的“忠”，排除D项。故选C项。",
            "index": 14,
            "score": 4
        },
        {
            "year": "2024",
            "category": "新课标",
            "question": "4. 下表所列史书皆涉及南宋初年与金朝关系，研讨这一问题,首先应信重 是（    ）\n| 书名 | 基本内容 | 成书时间 |\n| :---: | :--- | :--- |\n| 《宋史》 | 依据宋朝国史、实录等编撰而成的纪传体史书 | 元朝后期 |\n| 《三朝北盟会编》 | 按时间汇编徽宗、钦宗、高宗时期宋金和战史料 | 南宋中期 |\n| 《建炎以来系年要录》 | 据南宋高宗朝国史, 文集等编而成的编年史 | 南宋后期 |\n| 《宋史纪事本末》 | 汇编《宋史》等书, 以事件为中心 | 明朝后期 |\nA. 《宋史》\tB. 《三朝北盟会编》\tC. 《建炎以来系年要录》\tD. 《宋史纪事本末》",
            "answer": [
                "B"
            ],
            "analysis": "【详解】本题是单类型单项选择题。据本题主题干的设问词，可知这是推断题。据本题时间信息可知准确时空是：南宋时期（中国）。南宋初年与金朝的关系经历了战和交织的复杂过程，《三朝北盟会编》是宋代徐梦莘创作的史学著作，“三朝”，指宋徽宗赵佶、宋钦宗赵桓、宋高宗赵构三朝，该书会集了三朝有关宋金和战的多方面史料，按年月日标出事目，加以编排，故称为“北盟会编”，作者通过大量事实和细致的叙述，以揭示自“海上之盟”到“靖康之祸”的原委终始，《三朝北盟会编》征引的文献材料达二百多种，且成书时间相对较早，更接近南宋初年的历史事件，B项正确；《宋史》篇幅浩繁，且元朝后期成书，成书时间距离南宋初年较远，可能受到元朝政治立场的影响，因此不是最直接、最原始的史料，排除A项；\n《建炎以来系年要录》是宋代李心传撰写的记述宋高宗赵构一朝时事的编年史书，是南宋后期的作品，虽然也是根据南宋高宗朝的国史和文集编成的，但是成书时间比《三朝北盟会编》晚，可能受到后来政治和社会环境的影响，排除C项；《宋史纪事本末》是明朝陈邦瞻创作的断代纪事本末体史书，《宋史纪事本末》作为《宋史》的缩写本，在写作过程中，虽然也参考了许多其他《宋史》中所没有的资料，但基本上还是以《宋史》为蓝本，许多观点明显还是沿袭《宋史》而来，且《宋史纪事本末》是明朝后期的作品，成书时间最晚，排除D项。故选B项。",
            "index": 15,
            "score": 4
        },
        {
            "year": "2024",
            "category": "新课标",
            "question": "5. 清乾隆进士李调元在《卖田说》中借佃户王某之口说明“卖田以佃田”的好处：家中有十亩耕地，难以养活十口之家；卖出自己的十亩地，则可以长期租佃一百亩维持生计，且能免于官府钱粮加派。当时农业中租佃关系的盛行（    ）\nA. 延续了个体农耕方式\tB. 遏制了土地兼并扩大\nC. 抑制了商业货币经济\tD. 削减了国家赋税来源",
            "answer": [
                "A"
            ],
            "analysis": "【详解】本题是单类型单项选择题。据本题主题干的设问词，可知这是影响题。据本题时间信息可知准确时空是：清朝（中国）。根据材料“家中有十亩耕地，难以养活十口之家；卖出自己的十亩地，则可以长期租佃一百亩维持生计，且能免于官府钱粮加派。”可知，在当时，农民如果把自家的十亩耕地卖了,得来的钱作为押金,可以承租百亩，且成为佃户之后(不再是编户齐民)，免掉了官府的田租、徭役。结合所学，宋代，“不立田制”“不抑兼并”，国家正式放弃了对土地的直接控制和把土地与人口紧密绑定的管理理念，在新的国家治理体系下，人地关系也发生了根本性的变化。\n土地的市场化配置与土地租佃制度的发展是相伴随的，而土地租佃制度的发展又反映了底层农民经济及人身自主性的增强。国家对土地控制的减少、地主政治权力的削弱与市场的发展共同促进了土地租佃市场的成长，租佃关系的盛行，个体农耕为主要的生产形式，A项正确；“遏制了”的表述太过绝对，且租佃制的发展，会扩大土地兼并，排除B项；材料所述是农业方面的内容，未涉及商业货币经济的内容，排除C项；清朝雍正年间摊丁入亩政策的实行，以占有的土地作为课税依据,材料所述现象并非削减了国家赋税来源，排除D项。故选A项。",
            "index": 16,
            "score": 4
        },
        {
            "year": "2024",
            "category": "新课标",
            "question": "6. 下表是清末新军第九镇、第八镇及第二十一协军官 来源构成。这可用于说明新军（    ）\n|  | 类别 | 国内学生 | 留学生 | 士人 | 行伍 |\n| :--- | :--- | :--- | :--- | :--- | :--- |\n| 部别 |  |  |  |  |  |\n| :--- | :---: | :---: | :---: | :---: | :---: |\n| 第九镇 (驻江宁) | 340 | 15 | 272 | 87 | 714 |\n| 第八镇 (驻湖北) | 154 | 12 | 497 | 23 | 686 |\n| 第二十一协 (驻湖北) | 53 | 4 | 73 | 3 | 133 |\n| 总计 | 547 | 31 | 842 | 113 | 1533 |\nA. 抵制了列强入侵\tB. 导致了军阀势力扩大\nC. 引发了军阀混战\tD. 助推了民主革命发展",
            "answer": [
                "D"
            ],
            "analysis": "【详解】本题是单类型单项选择题。据本题主题干的设问词，可知这是本质题。据本题时间信息可知准确时空是：晚清（中国）。从表格中可以看出，新军中的军官来源广泛，国内学生和士人占据大多数，这些人受过一定的教育，思想相对更为解放，更容易接受新的思想和观念，包括民主革命的思想，许多新军军官后来成为了革命党人或支持者，助推了民主革命的发展，D项正确；新军的建立并没有起到抵制了列强入侵的作用，排除A项；材料只提到新军军官来源构成，军阀势力扩大与新军的来源无关，排除B项；近代军阀混战的根源是半殖民地半封建的社会性质，北洋政府时期袁世凯去世后军阀混战才开始，排除C项。故选D项。",
            "index": 17,
            "score": 4
        },
        {
            "year": "2024",
            "category": "新课标",
            "question": "7. 公元前5世纪，波斯的一份契约记载，有商人承租了国王的私有水源、土地，并以土地收成支付租费；另一份契约记载，商人将份地、农具和种子等租给他人，承租人需要按要求支付小麦、扁豆、芝麻等。据此可知，当时波斯（    ）\nA. 开始出现经营借贷业务的商人\tB. 地租的征收以实物为主\nC. 成为西亚最早使用契约的国家\tD. 国王占有全部生产资料",
            "answer": [
                "B"
            ],
            "analysis": "【详解】本题是单类型单项选择题。依据材料主题干的设问词可知本题是推断题。依据材料时间信息可知准确时空时：古代波斯。依据材料概况可知：两份契约分别记载了国王和商人把自己的水源、土地、农具、种子等租给别人的情况，条件是征收实物地租，以土地收成和小麦等实物为主，B项正确；材料未明确商人经营借贷业务的“开始”出现的时间，且除商人外，还有国王承租的土地、水源等，开始出现经营借贷业务的商人也不能涵盖材料内容，排除A项；材料未与其他西亚国家进行对比，不能得出最早使用契约，排除C项；材料除国王占有生产资料外，还涉及了商人占有生产资料如种子等，排除D项。故选B项。",
            "index": 18,
            "score": 4
        },
        {
            "year": "2024",
            "category": "新课标",
            "question": "8. 16世纪上半叶，航海家在太平洋开发了连接美洲和亚洲的东风带海上走廊，中后期利用日本洋流从菲律宾群岛航行至美洲西海岸；17世纪初，荷兰人利用西风带环球航行。16至17世纪的航海活动（    ）\nA. 激发“地圆说”的形成\tB. 表明世界殖民体系的确立\nC. 导致陆路贸易基本停滞\tD. 促进了贵金属的全球流动",
            "answer": [
                "D"
            ],
            "analysis": "【详解】本题是多类型单项选择题。据本题主题干的设问词，可知这是影响题、本质题。据本题时间信息可知准确时空是：16世纪上半叶（世界）。16至17世纪的航海活动加强了世界各地之间的联系，使得美洲的贵金属能够被运往亚洲和欧洲等地，促进了贵金属的全球流动，D项正确；“地圆说”在很久以前就已经形成，“地圆说”是此时航海活动的背景，排除A项；世界殖民体系的确立是在19世纪末20世纪初，排除B项；虽然航海活动兴起，但陆路贸易并没有基本停滞，C项过于绝对，排除C项。故选D项。",
            "index": 19,
            "score": 4
        },
        {
            "year": "2024",
            "category": "新课标",
            "question": "9. 17世纪，法国某细布工场雇佣近1700人，分属于制作轮子与刀具、清洗、上色、整经等部门。织布分为多道工序，其中压印、绣花等通常由妇女承担。这可用于说明（    ）\nA. 生产方式变革的条件渐趋成熟\tB. 机器大生产强化对工人管理\nC  现代工厂制度提高了生产效率\tD. 工业革命促进女性地位提升",
            "answer": [
                "A"
            ],
            "analysis": "【详解】本题是单类型单项选择题。据本题主题干的设问词，可知这是本质题。据本题时间信息可知准确时空是：17世纪（法国）。材料中描述的细布工场中分工明确，各有不同部门和工序，这种细致的分工体现了生产组织形式的变化，这为生产方式的变革（从手工工场向机器大生产转变）逐渐创造了成熟的条件，A项正确；17世纪主要还是手工工场，并非机器大生产，排除B项；现代工厂制度是在工业革命后才确立的，与题干时间不符，排除C项；工业革命在18世纪中后期开始，此时还未开始，排除D项。故选A项。",
            "index": 20,
            "score": 4
        },
        {
            "year": "2024",
            "category": "新课标",
            "question": "10. 1897年，西非黄金海岸成立“土著居民权利保护协会”，主要成员是地方首领和受过西式教育的上层人士。他们成功抵制了殖民者将大片土地宣布为“无人居住土地”的企图。20世纪初，类似团体在非洲其他殖民地也相继成立。这些团体的存在（    ）\nA. 促使和平抗争成为主要斗争形式\tB. 推动了非洲首个政党的诞生\nC. 帮助大多数地区免于沦为殖民地\tD. 促进了民族独立思想 传播",
            "answer": [
                "D"
            ],
            "analysis": "【详解】本题是单类型单项选择题。依据材料主题干的设问词可知本题是推断题。依据材料时间信息可知准确时空时：19-20世纪的非洲。依据材料概况可知：19-20世纪在非洲成立了“土著居民权利保护协会”或类似团体，其成立的目的是抵制殖民者将大片土地宣布为“无人居住土地”从而沦为殖民者的殖民地，这些团体的相继成立，使其在抵抗殖民者侵略的过程中促进了民族独立思想的传播，D项正确；材料仅涉及了反抗殖民团体的成立，未涉及这些团体采用的斗争方式，不能得出和平抗争成为主要斗争方式，排除A项；材料仅涉及这些团体的领导者大多数为地方首领和受过西式教育的上层人士，未涉及这些团体的成立促进了政党的产生，且也未有明确时间说明出现“首个”政党，排除B项；材料仅涉及成功抵制了西方殖民者把大量土地宣布为“无人居住的土地”企图\n未涉及是否避免了非洲沦为殖民地，1884年柏林会议对非洲大部分地区进行瓜分，并使其大部分地区沦为殖民地，排除C项。故选D项。",
            "index": 21,
            "score": 4
        },
        {
            "year": "2024",
            "category": "新课标",
            "question": "11. 1917年10月8日，新的彼得格勒苏维埃执行委员会成立，由13名布尔什维克、6名社会革命党人和3名孟什维克组成，布尔什维克党人当选为苏维埃主席。在莫斯科等大城市的苏维埃中，布尔什维克党人也取得了主导地位。这（    ）\nA. 表明资产阶级民主革命完成\tB. 奠定了十月革命胜利的组织基础\nC. 加速了罗曼诺夫王朝的灭亡\tD. 标志著苏维埃政权取代临时政府",
            "answer": [
                "B"
            ],
            "analysis": "【详解】本题是多类型单项选择题。依据材料主题干的设问词可知本题是影响题、本质题。依据材料时间信息可知准确时空是：1917年的俄国。依据材料概括可知：在1917年成立的新的彼得格勒苏维埃执行委员会中布尔什维克党人占多数且成为主席，在莫斯科等其他大城市布尔什维克党人同样取得了主导地位，说明为十月革命的胜利奠定了组织基础，有占优势的布尔什维克党的领导，B项正确；资产阶级民主革命的完成是二月革命，材料涉及的时间是1917年的10月，与材料时间不符，排除A项；罗曼诺夫王朝的覆灭是在二月革命后，与材料时间不符，排除C项；标志着苏维埃政权取代临时政府的事件是十月革命的胜利，排除D项。故选B项。",
            "index": 22,
            "score": 4
        },
        {
            "year": "2024",
            "category": "新课标",
            "question": "12. 1956年苏伊士运河危机爆发后，美国大量抛售英镑，导致英国外汇储备骤减。英国抱怨美国的行为是对国际货币基金组织宗旨和精神“不可饶恕的背叛\"。最终，英国停止了对埃及的军事干涉行动。这反映出（    ）\nA. 美元占据国际货币体系主导地位\tB. 埃及民族解放运动获得广泛支持\nC. 布雷顿森林体系走向瓦解\tD. 西方大国间盟友关系破裂",
            "answer": [
                "A"
            ],
            "analysis": "【详解】本题是单类型单项选择题。据本题主题干的设问词，可知这是本质题。据题干时间信息可知准确时空是：1956年(全球)。据题干中“美国大量抛售英镑，导致英国外汇储备骤减”以及英国对美国行为的指责，结合所学知识可知，这一事件本质上显示了美元作为布雷顿森林体系中心货币对国际金融秩序的巨大影响力，反映了美元占据国际货币体系的主导地位，A项正确；题干信息虽涉及埃及民族解放运动，但主要讨论的是美英之间的金融互动及其影响，排除B项；布雷顿森林体系走向瓦解是在20世纪70年代，与题干时间不符，排除C项；西方大国间的盟友关系虽受到考验，但“破裂”的说法过于绝对，排除D项。故选A项。",
            "index": 23,
            "score": 4
        }
    ]
}