{
    "keywords": "2024_Physics_MCQs",
    "example": [
        {
            "year": "2024",
            "category": "全国甲卷",
            "question": "1. 気核可通过一系列聚变反应释放能量, 总的反应效果可用 $6_{1}^{2} \\mathrm{H} \\rightarrow 2_{2}^{4} \\mathrm{He}+x_{0}^{1} \\mathrm{n}+y_{1}^{1} \\mathrm{p}+43.15 \\mathrm{MeV}_{\\text {表示, }}$,式中 $x 、 y$ 的值分别为 $(\\quad)$\nA. $x=1, y=2$\nB. $x=1, y=3$\nC. $x=2, y=2$\nD. $x=3, y=1$",
            "answer": [
                "C"
            ],
            "analysis": "【详解】根据反应前后质量数和电荷数守恒可得\n$$\n\\begin{gathered}\n6 \\times 2=2 \\times 4+x+y \\\\\n6=2 \\times 2+y\n\\end{gathered}\n$$\n解得\n$$\nx=2, \\quad y=2\n$$\n故选 C。",
            "index": 0,
            "score": 6
        },
        {
            "year": "2024",
            "category": "全国甲卷",
            "question": "3. 2024 年 5 月，嫦娥六号探测器发射成功，开启了人类首次从月球背面采样返回之旅。将采得的样品带回地球，飞行器需经过月面起飞、环月飞行、月地转移等过程。月球表面自由落体加速度约为地球表面自由落体加速度的 $\\frac{1}{6}$ 。下列说法正确的是（）\nA. 在环月飞行时，样品所受合力为零\nB. 若将样品放置在月球正面, 它对月球表面压力等于零\nC. 样品在不同过程中受到的引力不同，所以质量也不同\nD. 样品放置在月球背面时对月球的压力，比放置在地球表面时对地球的压力小",
            "answer": [
                "D"
            ],
            "analysis": "【详解】A. 在环月飞行时, 样品所受合力提供所需的向心力, 不为零, 故 A 错误;\nBD. 若将样品放置在月球正面, 它对月球表面压力大小等于它在月球表面的重力大小; 由于月球表面自由落体加速度约为地球表面自由落体加速度的 $\\frac{1}{6}$, 则样品在地球表面的重力大于在月球表面的重力, 所以样品放置在月球背面时对月球的压力, 比放置在地球表面时对地球的压力小, 故 B 错误, D 正确;\nC. 样品在不同过程中受到的引力不同, 但样品的质量相同, 故 C 错误。\n故选 D。",
            "index": 1,
            "score": 6
        },
        {
            "year": "2024",
            "category": "新课标",
            "question": "2. 福建舰是我国自主设计建造的首艘弹射型航空母舰。借助配重小车可以进行弹射测试，测试时配重小车被弹射器从甲板上水平弹出后，落到海面上。调整弹射装置，使小车水平离开甲板时的动能变为调整前的 4 倍。忽略空气阻力，则小车在海面上的落点与其离开甲板处的水平距离为调整前的（）\nA. 0.25 倍\nB. 0.5 倍\nC. 2 倍\nD. 4 倍",
            "answer": [
                "C"
            ],
            "analysis": "【详解】动能表达式为\n$$\nE_{\\mathrm{k}}=\\frac{1}{2} m v_{2}^{2}\n$$\n由题意可知小车水平离开甲板时的动能变为调整前的 4 倍，则离开甲板时速度变为变为调整前的 2 倍；小车离开甲板后做平抛运动，从离开加班到到达海面上时间不变，根据\n$$\nx=v t\n$$\n可知小车在海面上的落点与其离开甲板处的水平距离为调整前的 2 倍。\n故选 C。",
            "index": 2,
            "score": 6
        },
        {
            "year": "2024",
            "category": "新课标",
            "question": "3. 天文学家发现，在太阳系外的一颗红矮星有两颗行星绕其运行，其中行星 GJ1002c 的轨道近似为圆，轨道半径约为日地距离的 0.07 倍，周期约为 0.06 年，则这颗红矮星的质量约为太阳质量的（）\nA. 0.001 倍\nB. 0.1 倍\nC. 10 倍\nD. 1000 倍",
            "answer": [
                "B"
            ],
            "analysis": "【详解】设红矮星质量为 $M_{1}$, 行星质量为 $m 1$, 半径为 $r_{1}$, 周期为 $T_{1}$; 太阳的质量为 $M_{2}$, 地球质量为 $m_{2}$ ，到太阳距离为 $r_{2}$ ，周期为 $T_{2}$ ；根据万有引力定律有\n$$\n\\begin{aligned}\n& G \\frac{M_{1} m_{1}}{r_{1}^{2}}=m_{1} \\frac{4 \\pi^{2}}{T_{1}^{2}} r_{1} \\\\\n& G \\frac{M_{2} m_{2}}{r_{2}^{2}}=m_{2} \\frac{4 \\pi^{2}}{T_{2}^{2}} r_{2}\n\\end{aligned}\n$$\n联立可得\n$$\n\\frac{M_{1}}{M_{2}}=\\left(\\frac{r_{1}}{r_{2}}\\right)^{3} \\cdot\\left(\\frac{T_{2}}{T_{1}}\\right)^{2}\n$$\n由于轨道半径约为日地距离的 0.07 倍，周期约为 0.06 年，可得\n$$\n\\frac{M_{1}}{M_{2}} \\approx 0.1\n$$\n故选 B。",
            "index": 3,
            "score": 6
        },
        {
            "year": "2024",
            "category": "新课标",
            "question": "4. 三位科学家由于在发现和合成量子点方面的突出贡献，荣获了 2023 年诺贝尔化学奖。不同尺寸的量子点会发出不同颜色的光。现有两种量子点分别发出蓝光和红光，下列说法正确的是（））\nA. 蓝光光子的能量大于红光光子的能量\nB. 蓝光光子的动量小于红光光子的动量\nC. 在玻璃中传播时，蓝光的速度大于红光的速度\nD. 蓝光在玻璃中传播时的频率小于它在空气中传播时的频率",
            "answer": [
                "A"
            ],
            "analysis": "【详解】AB. 由于红光的频率小于蓝光的频率, 则红光的波长大于蓝光的波长, 根据\n$$\nE=h v\n$$\n可知蓝光光子的能量大于红光光子的能量；根据\n$$\np=\\frac{h}{\\lambda}\n$$\n可知蓝光光子 ${ }^{\\square}$ 动量大于红光光子的动量, 故 A 正确, B 错误;\nC. 由于红光的折射率小于蓝光，根据\n$$\nv=\\frac{c}{n}\n$$\n可知在玻璃中传播时, 蓝光的速度小于红光的速度, 故 C 错误;\nD. 光从一种介质射入另一种介质中频率不变, 故 D错误。\n故选 A。",
            "index": 4,
            "score": 6
        }
    ]
}