{
    "keywords": "2023_Chinese_Lang_and_Usage_MCQs",
    "example": [
        {
            "year": "2023",
            "category": "全国甲卷",
            "question": "事有凑巧，在不同的时间和不同的地方，我听见过三位老师讲“破釜沉舟”这个成语。第一位教师是这样讲的：“‘破釜沉舟’表示坚决的意思。做事一定要坚决。无论做什么，只要是正当的、应该做的事，就必须抱定只许前进而不许后退、只许胜利而不许失败的决心，只有这样才能得到成功。如果（   ），工作还没开始就准备下失败的退路，那样一定不会成功。①当然，②前进的目的必须正确。③在这一点上，④我们不能跟古人相提并论。由于时代的局限，古人，尤其是封建统治阶级的人，做事的目的在今天看来很多是成问题的，下定决心做好事是应当的，如果坚决做坏事，那就不应当了。”第二位教师是另一种讲法，他说：“‘釜’就是锅，‘舟’就是船。‘破’和‘沉’都是动词。‘破釜’是‘使釜破’的意思，也就是把锅砸碎；‘沉舟’是‘使舟沉’的意思，也就是把船凿沉。这样用法的动词叫作‘使动词’。同是做饭的工具，古代叫‘釜’，现代叫‘锅’；同是水上运输工具，古代叫‘舟’，现代叫‘船’；这是古今词汇的演变。像古代叫‘冠’，现代叫‘帽子’，古代叫‘履’，现代叫‘鞋’，都是这种情形。曹植《七步诗》里有‘豆在釜中泣’的句子，_____________________，这里的‘釜’和‘舟’跟‘破釜沉舟’里的‘釜’和‘舟’意思相同。”第三位教师讲得比较简单，话说得比较少。他这样讲：“项羽渡河进攻秦朝的军队，渡河之后，把造饭的锅砸碎，把船凿沉，断了自己的退路，以示有进无退的决心，终于把秦军打败了。后来大家就用‘破釜沉舟’这个成语表示下定最大的决心，不顾任何牺牲的意思。”17. 将下列俗语填入文中括号内，恰当的一项是（  ) \nA.干打雷不下雨\nB.又吃鱼又嫌腥\nC.前怕狼后怕虎\nD.首尾不能兼顾",
            "answer": [
                "C"
            ],
            "analysis": "【17题详解】\n本题考查学生正确使用熟语的能力。\nA. 指只有声势而没有实际行动。\nB. 比喻既想做某事或得某物，又嫌弃它。\nC. 意思是比喻胆小怕事，顾虑太多。\nD. 顾头顾不了尾，前后无法照应。\n语境与“只许前进而不许后退、只许胜利而不许失败”意思相反，指做事犹豫不决，顾虑太多，应选“前怕狼后怕虎”。故选C。",
            "index": 0,
            "score": 3
        },
        {
            "year": "2023",
            "category": "全国乙卷",
            "question": "阅读下面的文字, 完成下面小题。\n郭老头、耿老头, 俩老头, 这两个老头, 从前面看, 像五十岁; 从后面看, 像三十岁, 他们今年都已经做过七十整寿了, 身体真好! 郭老头$\\stackrel{能}{\\cdot}$吃饭, 斤半烙饼卷成一卷, 攥在手里, 蘸一点汁, 几口就下去了。他这辈子没有牙疼过。耿老头能喝酒。他拿了茶碗上供销社去打酒, 一手接酒, 一手交钱, 售货员找了钱给他, 他亮着个空碗: “酒呢? ”售货员有点忧伤: 记得是打给他了呀! 一售货员低头数钱的功夫, 二两酒已经进了他的肚了, 俩老头非常 “要好” —这地方的方言, “要好” 是爱干净爱整齐的意思, 不论什么时候, 上唇的胡子平崭乌黑, 下巴的胡子刮得溜光。浑身的衣服, $\\underline{袖子是袖子, 领子是领子}$, 一个纽扣也不短。俩老头还都爱穿䩗鞋, 斜十字实纳帮, 皮梁、荡底, 是托人在北京步云斋买的。这种鞋过去是专门卖给抬轿的轿夫穿的, 后来拉包月车的车夫也爱穿, 抱脚, 精神!\n俩老头焦不离孟，孟不离焦。年下办年货，一起去；四月十八奶奶庙庙会，一起去；开会，一起到场: 送人情出份子，起进门。生产队有事找他们，队长总是说： “去! 找找俩老头!” “俩老头” 不是 “两个老头” 的意思, 是说他们特别亲密的关系。类似 “哥俩” 、 “姐俩” , 按说应该叫他们 “老头俩” , 不过没有这么说话的, 所以人们只能叫他们 “俩老头”。\n17. 下列句子中的 “能” 与文中加点的 “能” , 意义和用法相同的一项是$ ( )$\nA. 她尽量高高地跳起脚尖, 希望车厢里的人能看见她的脸。\nB. 我们班同学就数他能说, 讲起话来口若悬河滔滔不绝。\nC. 新颁布的控烟条例规定, 绝大多数公共场所都不能吸烟。\nD. 以前这条小河上没有桥, 人们只能涉水而过, 非常不便。\n18. 下列句子中画横线部分与文中画横线部分的语句，用法和作用相同的一项是$( )$\nA. 稗子的叶很像稻叶。但稻子是稻子, 稗子是稗子, 要分清楚。\nB. 说话办事一定要公私分明, 公是公, 私是私, 不能公器私用。\nC. 从今以后, 你的是你的, 我的是我的, 咱们俩井水不犯河。\nD. 瞧那个小姑娘, 眼睛是眼睛, 鼻子是鼻子, 真是个美人胚子。",
            "answer": [
                "B",
                "D"
            ],
            "analysis": "【17题详解】本题考查学生理解词语含义的能力。文中的“能”含义是“擅长”。A.“能”，动词，“能够，可以”；B.“能”，动词，“擅长，善于”；C.“能”，动词，“能够，可以”；D.“能”，动词，“能够，可以”。故选B。\n【18题详解】本题考查学生分析句子的用法和作用的能力。文中画横线部分的语句属于描写性语句，突出强调描写对象“俩老头”穿的衣服干净整齐的特点；A.“稻子是稻子，稗子是稗子”属于说明性语言，突出强调“稻子和稗子”是有本质区别的，应该分清楚；B.“公是公，私是私”属于议论性语言，突出强调应公私分明的观点；C.“你的是你的，我的是我的”属于人物语言描写，突出强调与对方划清界限；D.“眼睛是眼睛，鼻子是鼻子”属于描写性语句，突出强调描写对象“小姑娘”长得漂亮的特点。故选D。",
            "index": 1,
            "score": 3
        },
        {
            "year": "2023",
            "category": "新课标全国Ⅱ卷",
            "question": "阅读下面的文字，完成下面小题。\n“耳机一戴，谁也不爱”。周围的世界有时太嘈杂了，但想安静一下不被打扰也很容易， ① 。可是最近，樊女士发现，自从经常戴上耳机听着歌入睡以来，耳朵里开始有了“嗡嗡嗡”的耳鸣声。去医院一看，居然是过度使用耳机造成的突发性耳聋。那么，使用耳机 ②  ？医学研究告诉我们，这个度包括时间和音量两方面，即音量不宜超过最大音量的60%，时间要限制在60分钟以内。如果超过这个限度，就可能威胁耳朵的健康。比如诱发耳部炎症，导致耳朵疼痛、耳屎变多等。有人觉得这都是小事，忍忍就过去了。但事实上， ③ ，还可能逐渐升级。\n对耳朵来说，过大的声音就是噪音，噪音会对耳道产生压力，压力又会撞击鼓膜听骨链传到内耳，震荡前庭淋巴液，这一系列连锁反应下来，会出现晕车一样的头晕症状。声音过大还会损坏耳蜗中的听觉毛细胞，导致耳鸣。如果长时间暴露在过大的声音中，会使听觉毛细胞失去敏感性，无法接收声音的信号，形成暂时或永久性听力下降。\n20. 下列句子中的“谁”和“耳机一戴，谁也不爱”中的“谁”，意义和用法相同的一项是（   ）\nA. 怅寥廓，问苍茫大地，谁主沉浮？\nB. 生活中谁都需要表达和交流。\nC. 我本来是跟他开玩笑的，谁知道他竟然生气了。\nD. 我越来越深刻地感觉到谁是我们最可爱的人！",
            "answer": [
                "B"
            ],
            "analysis": "【20题详解】本题考查学生正确使用词语的能力。疑问代词“谁”的用法分为基本用法和特殊用法。基本用法表示疑问，特殊用法有非疑问用法，非疑问用法有任指、虚指和定指。“耳机一戴，谁也不爱”中的“谁”表示任指，指任何人。A. 表示疑问，“谁主沉浮”中“谁”指什么人。B. 表示任指，“谁都需要表达和交流”中“谁”是指任何人。C. 表示虚指，“谁知道他竟然生气了”中“谁”是指表示不能肯定的人。D. 表示定指，“谁是我们最可爱的人”中“谁”是指说话者和听话者双方都十分确定的人。据以上分析看出B项与例句意义和用法相同。故选B。",
            "index": 2,
            "score": 3
        }
    ]
}