{
    "keywords": "2023_Geography_MCQs",
    "example": [
        {
            "year": "2023",
            "category": "全国甲卷",
            "question": "2005年前后，福建泉州开始购买国外优良而昂贵的胡萝卜种子，在沿海沙质土地进行大规模种植。产品主要出口东亚、东南亚国家，成为全国重要的胡萝卜出口基地。2020年，泉州与中国农业科学院合作培育的胡萝卜种子已接近国际先进水平，替代了进口种子，当地海关也助力胡萝卜出口基地发展，全程跟踪胡萝卜生产过程，并保障产品及时通关，据此完成下面小题。\n1. 泉州成为全国重要胡萝卜出口基地的主要原因是（   ）\n①胡萝卜精深加工能力强②拥有优良港口③胡萝卜品质优且产量大④铁路运输发达\nA. ①②\tB. ②③\tC. ③④\tD. ①④\n2. 实现进口种子替代对泉州胡萝卜产业发展的重要作用是（   ）\nA. 明显提高胡萝卜产量\tB. 明显提高胡萝卜质量\nC. 增加胡萝卜出口国家\tD. 增加胡萝卜种植收益\n3. 泉州海关助力胡萝卜出口基地发展，重点关注胡萝卜的（   ）\n①新鲜程度出口关税③出口数量④食用安全\nA. ①②\tB. ②③\tC. ③④\tD. ①④",
            "answer": [
                "B",
                "D",
                "D"
            ],
            "analysis": "【1题详解】\n从材料可以看出，主要出口产品就是农产品胡萝卜，故无法得出精深加工能力强，①不是原因；产品主要出口东亚、东南亚国家，对泉州而言，到达这些国家（比如日本）主要依赖海运，故拥有优良的港口是其优势条件，故②正确，④错误；由材料“购买国外优良而昂贵的胡萝卜种子”可知，胡萝卜品质优，只有品质优才具有竞争力，另由材料“大规模种植”可知产量大，故③正确。综上所述，②③正确，故选B。\n【2题详解】\n由材料“购买国外优良而昂贵的胡萝卜种子”可知，依赖国际种子的胡萝卜利润空间有限，而替代了进口种子，可以增加胡萝卜种植收益，故D正确；国产胡萝卜种子已接近国际先进水平，没有明显提高产量和质量，故AB错误；胡萝卜出口国家的增多与我国的对外开放程度加深有关，与替代进口种子关系不大，故C错误。故选D。\n【3详解】\n当地海关助力胡萝卜出口基地发展，全程跟踪胡萝卜生产过程，并保障产品及时通关，从“安全”“新鲜”两大关键，对出口胡萝卜全程呵护，助力胡萝卜扩大出口，①④正确，而出口关税和出口数量不是海关重点关注因素，故排除②③。故选D。",
            "index": 0,
            "score": 4
        },
        {
            "year": "2023",
            "category": "全国甲卷",
            "question": "技术进步对人口分布有重要作用，1790~1870年，随着蒸汽机等技术的应用，美国人口更加趋向技术进步，美国的用水来源结构随之变化，河流对人口分布的重要性相对减弱，据此完成下面小题。\n4. 影响1790~1870年美国人口分布变化趋势的主要因素是（   ）\n①工业②农业③内河运输④公路运输\nA. ①③\tB. ①④\tC. ②③\tD. ②④\n5. 1870年后，美国用水来源结构发生变化，主要表现为（   ）\nA. 河流水比例上升\tB. 河流水用量减少\tC. 地下水比例上升\tD. 地下水用量最多",
            "answer": [
                "B",
                "C"
            ],
            "analysis": "【4题详解】\n“1790—1870年”美国进行了广泛的工业化，由于资本主义工业的发展，将大量农业人口吸引到工厂工作，故①正确，②错误；机器生产的发展，促进了交通运输事业的革新，为了快捷便利地运送货物、原料，公路运输逐渐取代内河航运，故③错误，④正确。故①④正确，故选B。\n【5题详解】\n1870年后，随着人口大规模西移和工业化、城镇化的发展，美国大量开发利用地下水，地下水比例上升，C正确；由材料“河流对人口分布的重要性相对减弱”可知，河流水比例下降，故A错误；比例下降不代表用水量下降，地下水使用量相对有限，其比例上升并不表示用量最多，故BD错误。故选C。",
            "index": 1,
            "score": 4
        },
        {
            "year": "2023",
            "category": "全国甲卷",
            "question": "2000年以后，世界打火机生产中心转移到湖南省邵东市。邵东市由原来几家生产作坊快速形成打火机全产业链布局，并相继成立打火机行业协会和打火机出口监管委员会。2009年，多家企业组建了一家集研发、组装、销售于一体的龙头企业。目前，邵东市每年生产的一次性打火机占世界同类打火机总产量的70%。据此完成下面小题\n1. 邵东打火机全产业链布局快速形成的主要原因是（   ）\n①打火机产业生产链短          ②打火机产业附加值低\n③当地有打火机创新技术        ④当地有打火机产业基础\nA. ①③\tB. ①④\tC. ②③\tD. ②④\n2. 邵东打火机产业发展过程中龙头企业的主要作用是（   ）\nA. 控制各企业发展规模\tB. 协调与外地生产联系\nC. 监督产品质量与价格\tD. 引领产品研发和营销\n3. 除技术创新外，支撑邵东打火机产业长期发展的关键因素是（   ）\n①快捷的对外交通 ②稳定的市场需求 ③有效的企业组织 ④较高的产品价格\nA. ①②\tB. ②③\tC. ③④\tD. ①④",
            "answer": [
                "B",
                "D",
                "B"
            ],
            "analysis": "【1题详解】\n本道题主要考查工业地域的形成等相关知识，邵东打火机全产业链布局快速形成原因：邵东市原来有几家生产作坊，说明当地生产打火机有一定的产业基础，故④正确；此外打火机产业为劳动密集型、产业链短，因此能够快速形成，故①正确；产业附加值低不是产业快速形成的主要原因，故②排除；其中当地打火机产业在创立之初，技术并不成熟，故③排除；因此正确答案为B，故排除A、C、D，选择B。\n【2题详解】\n根据题干可得，“多家企业组建了一家集研发、组装、销售于一体的龙头企业”，因此可知龙头产业的主要作用为引领产品研发和营销，故D正确，因此排除A、B、C，选择D。\n【3题详解】\n打火机生产作为劳动密集型产业，邵东依靠其丰富的廉价劳动力资源，相对便利的交通以及与广东省等沿海地区地缘较近等原因初期发展较快，但不是长期发的因素，故①排除；但要实现长期发展必须要有稳定的市场需求必须要有稳定的市场需求，故②正确；此外还需要有效的企业组织，提升打火机产业的整体竞争力，故③正确；打火机产品价格较低廉，故④排除；故B正确，因此排除A、C、D，选择B。",
            "index": 2,
            "score": 4
        },
        {
            "year": "2023",
            "category": "高考乙卷",
            "question": "新西兰南岛上的南阿尔卑斯山脉（约42°S-45°S）位于板块边界附近，呈东北一西南走向，其形态受板块运动和以流水为主的外力作用共同影响。某科研团队对该山脉东西向剖面形态进行研究，观测到目前该山脉仍在升高并向西扩展；模拟研究表明未来该山脉升高速度逐渐放缓，高度将趋于稳定。据此完成下面小题。\n6. 推测目前该山脉仍在升高并向西扩展是由于（   ）\nA. 板块挤压\tB. 火山不断喷发\tC. 板块张裂\tD. 岩浆持续侵入\n7. 假设不受内力作用，在外力作用下，该山脉（   ）\nA. 西坡侵蚀强烈，山脊线东移\tB. 西坡侵蚀强烈，山脊线稳定\nC. 东坡侵蚀强烈，山脊线西移\tD. 东坡侵蚀强烈，山脊线稳定\n8. 未来该山脉高度将趋于稳定，是由于随山体升高（   ）\nA. 板块运动逐渐加强\tB. 板块运动逐渐减弱\nC. 外力作用逐渐加强\tD. 外力作用逐渐减弱",
            "answer": [
                "A",
                "A",
                "C"
            ],
            "analysis": "【6题详解】\n由材料并结合所学知识可知，该山脉位于太平洋板块和印度洋板块的消亡边界，受板块挤压影响，山脉高度会持续升高，A正确，C错误；从材料信息中为获取该山脉有火山持续喷发的相关信息，B错误；岩浆侵入不会对地表形态产生直接影响，D错误。所以选A。\n 7题详解】\n根据该山脉的纬度范围可知，该地常年受盛行西风控制，西风挟带的来自海洋的水汽在西坡地形抬升影响下易形成降水，山脉西坡的侵蚀作用比东坡更强烈，如果不考虑内力作用，西坡遭受强烈侵蚀后，山脊线会向东移动，A正确，B错误；东坡为盛行西风背风坡，降水较少，侵蚀作用较弱，CD错误。所以选A。\n【8题详解】\n地貌的演化是内外力共同作用的结果，内力使该地山脉持续隆升，地表起伏增大，地表受流水侵蚀作用增强。根据材料可知，目前山脉高度持续增加，说明内力作用强度于外力作用，而未来该山脉高度将趋于稳定，是因为随着山体升高，高差增大，对盛行西风的阻挡加强，降水增多，流水作用逐渐加强，内外力作用趋于平衡，使山脉高度将趋于稳定，故C正确，ABD错误。所以选C。",
            "index": 3,
            "score": 4
        },
        {
            "year": "2023",
            "category": "高考乙卷",
            "question": "位于日本海附近的珲春与内陆的辽源各日最高气温时刻（北京时间）的月均值不同 (如表)。规定各日最高气温时刻与月均值相差超过 1 小时为偏离。据此完成下面小题。\n\\begin{tabular}{|l|l|l|l|l|l|l|}\n\\hline \\begin{tabular}{l} \n气象\\\\\n台站\n\\end{tabular} & 经度 & 纬度 & \\begin{tabular}{l}\n1月各日最高气温 \\\\\n时刻均值\n\\end{tabular} & \\begin{tabular}{l}\n1月偏离天 \\\\\n数/天\n\\end{tabular} & \\begin{tabular}{l}\n7月各日最高气温 \\\\\n时刻均值\n\\end{tabular} & \\begin{tabular}{l}\n7月偏离天 \\\\\n数/天\n\\end{tabular} \\\\\n\\hline 珲春 & $130.35^{\\circ} \\mathrm{E}$ & $42.86^{\\circ} \\mathrm{N}$ & 约 14 时 00 分 & 20.8 & 约 14 时 40 分 & 19.6 \\\\\n\\hline 辽源 & $125.15^{\\circ} \\mathrm{E}$ & $4290^{\\circ} \\mathrm{N}$ & 约 13 时 20 分 & 14.4 & 约 13 时 50 分 & 17.2 \\\\\n\\hline\n\\end{tabular}\n9. 珲春7月各日最高气温时刻均值滞后当地正午约（   ）\nA. 1小时40分钟\tB. 2小时00分钟\tC. 2小时40分钟\tD. 3小时20分钟\n10. 珲春的最高气温时刻月均值滞后当地正午的时间长于辽源，原因是珲春（   ）\nA. 降水多\tB. 受海洋影响强\tC. 风力强\tD. 受山地影响强\n11  辽源冬季偏离天数少，说明辽源冬季多（   ）\nA. 雨雪天气\tB. 温带气旋\tC. 晴朗天气\tD. 冷锋过境",
            "answer": [
                "D",
                "B",
                "C"
            ],
            "analysis": "【9题详解】\n根据珲春的经度可知，当地时间比北京时间早约40分钟，当地正午时，北京时间约为11时20分。7月该地各日最高气温时刻均值约为14时40分，滞后当地正午约3小时20分钟，故D正确，排除ABC；故选D。\n【10题详解】\n本题考查海陆位置及热力性质对气温的影响，与珲春相比，辽源更靠近内陆，海陆位置不同，受海洋影响的程度不同；水体比热容大，升温较慢，珲春受海洋影响较强，最高气温出现的时间晚于辽源，B正确，D错误；最高气温时刻月均值滞后与该地降水、风力关系不大，排除AC选项。故选B。\n【11题详解】\n本题考查影响气温的因素，辽源冬季各日最高气温时刻与月均值偏离较少，说明此时段大气较稳定，多晴天，故C正确；受雨雪天气、温带气旋、冷锋过境影响下，天气变化较大，气温不稳定，偏离的天数较多，排除A、B、D选项。故选C。",
            "index": 4,
            "score": 4
        },
        {
            "year": "2023",
            "category": "新课标卷",
            "question": "20世纪80年代初，河北省馆陶县农民开始规模化养殖蛋鸡。1998年，馆陶县在临近国道交会处建立禽蛋交易市场。目前，该市场已成为全国最大的禽蛋交易市场。2023年，该市场迁址重建项目启动，将引入专业化运营管理模式，植入智能物流、集中仓储、供应链金融等新元素。据此完成下面小题。\n1. 1998年禽蛋交易市场选址考虑的主要因素是（   ）\nA. 土地价格\tB. 产业基础\nC. 交通条件\tD. 人口规模\n2. 禽蛋交易市场的繁荣与壮大，直接带动的产业有（   ）\n①房地产业②养殖与饲料业③仓储与物流业④文化与旅游业\nA. ①②\tB. ②③\tC. ③④\tD. ①④\n3. 新禽蛋交易市场植入新元素的主要目的是（   ）\n①提升物流效率②提高交易价格③增加就业机会④扩大交易范围\nA. ①②\tB. ②③\tC. ③④\tD. ①④",
            "answer": [
                "C",
                "B",
                "D"
            ],
            "analysis": "【1题详解】\n1998年，馆陶县在临近国道交会处建立禽蛋交易市场，由此可知，1998年禽蛋交易市场选址考虑的主要因素是交通条件，C正确；土地价格、产业基础、人口规模都可能会影响禽蛋交易市场的选址，但不是该地区1998年禽蛋交易市场选址考虑的主要因素，ABD错误。故答案选C。\n【2题详解】\n禽蛋交易市场的繁荣与壮大，会带动养殖业与饲料业的规模，②正确；新的禽蛋交易市场引入专业化运营管理模式，植入智能物流、集中仓储、供应链金融等新元素，由此也可以推动仓储与物流业，③正确；禽蛋交易市场的繁荣与壮大对房地产、文化与旅游业影响较小，也不是直接带动的产业，①④错误。故B正确ACD错误。故答案选B。\n【3题详解】\n禽蛋交易市场植入专业化运营管理模式，植入智能物流、集中仓储、供应链金融等新元素，专业化运营管理模式、智能物流、集仓储、供应链金融，可以提升物流效率，进一步可以扩大交易范围，①④正确；植入新元素可以提升物流效率，降低交易价格，②错误；植入智能物流，减少了劳动力的使用，③错误。故D正确ABC错误。故答案选D。",
            "index": 5,
            "score": 4
        }
    ]
}