{
    "keywords": "2023_Physics_MCQs",
    "example": [
        {
            "year": "2023",
            "category": "全国甲卷",
            "question": "1. 一同学将铅球水平推出, 不计空气阻力和转动的影响, 铅球在平抛运动过程中 $()$\nA. 机械能一直增加\nB. 加速度保持不变\nC. 速度大小保持不变\nD. 被推出后瞬间动能最大",
            "answer": [
                "B"
            ],
            "analysis": "【详解】A. 铅球做平抛运动, 仅受重力, 故机械能守恒, A 错误;\nB. 铅球的加速度恒为重力加速度保持不变, B 正确;\nCD. 铅球做平抛运动, 水平方向速度不变, 坚直方向做匀加速直线运动, 根据运动的合成可知铅球速度变大, 则动能越来越大, $\\mathrm{CD}$ 错误。\n故选 B。",
            "index": 0,
            "score": 6
        },
        {
            "year": "2023",
            "category": "全国甲卷",
            "question": "2. 在下列两个核反应方程中 $\\mathrm{X}+{ }_7^{14} \\mathrm{~N} \\rightarrow \\mathrm{Y}+{ }_8^{17} \\mathrm{O} 、 \\mathrm{Y}+{ }_3^7 \\mathrm{Li} \\rightarrow 2 \\mathrm{X}, \\mathrm{X}$ 和 $\\mathrm{Y}$ 代表两种不同的原子核, 以 $Z$和 $A$ 分别表示 $\\mathrm{X}$ 的电荷数和质量数, 则 $()$\nA. $Z=1, \\quad A=1 \\rightarrow$\nB. $Z=1, \\quad A=2$\nC. $Z=2, \\quad A=3$\nD. $Z=2, A=4$",
            "answer": [
                "D"
            ],
            "analysis": "【详解】设 $\\mathrm{Y}$ 电荷数和质量数分别为 $m$ 和 $n$, 根据核反应方程质量数和电荷数守恒可知第一个核反应方程的核电荷数和质量数满足\n$$\nA+14=n+17, \\quad Z+7=m+8\n$$\n第二个核反应方程的核电荷数和质量数满足\n$$\nn+7=2 A, \\quad m+3=2 Z\n$$\n联立解得\n$$\nZ=2, \\quad A=4\n$$\n故选 D",
            "index": 1,
            "score": 6
        },
        {
            "year": "2023",
            "category": "全国甲卷",
            "question": "4. 一质点做匀速圆周运动, 若其所受合力的大小与轨道半径的 $n$ 次方成正比, 运动周期与轨道半径成反比，则 $n$ 等于 $()$\nA. 1\nB. 2\nC. 3\nD. 4",
            "answer": [
                "C"
            ],
            "analysis": "【详解】质点做匀速圆周运动, 根据题意设周期\n$$\nT=\\frac{k}{r}\n$$\n合外力等于向心力, 根据\n$$\nF_{\\text {溜 }}=F_{\\mathrm{n}}=m \\frac{4 \\pi^2}{T^2} r\n$$\n联立可得\n$$\nF_{\\mathrm{n}}=\\frac{4 m \\pi^2}{k^2} r^3\n$$\n其中 $\\frac{4 m \\pi^2}{k^2}$ 为常数, $r$ 的指数为 3 , 故题中\n$$\nn=3\n$$\n故选 C。",
            "index": 2,
            "score": 6
        },
        {
            "year": "2023",
            "category": "全国乙卷",
            "question": "1. 一同学将排球自 $O$ 点垫起, 排球坚直向上运动, 随后下落回到 $O$ 点。设排球在运动过程中所受空气阻力大小和速度大小成正比。则该排球 $()$\nA. 上升时间等于下落时间 $\\rightarrow$\nB. 被垫起后瞬间的速度最大\nC. 达到最高点时加速度为零\nD. 下落过程中做匀加速运动",
            "answer": [
                "B"
            ],
            "analysis": "【详解】A. 上升过程和下降过程的位移大小相同, 上升过程的末状态和下降过程的初状态速度均为零。对排球受力分析, 上升过程的重力和阻力方向相同, 下降过程中重力和阻力方向相反, 根据牛顿第二定律可知, 上升过程中任意位置的加速度比下降过程中对应位置的加速度大, 则上升过程的平均加速度较大。由位移与时间关系可知, 上升时间比下落时间短, $\\mathrm{A}$ 错误;\nB. 上升过程排球做减速运动, 下降过程排球做加速运动。在整个过程中空气阻力一直做负功, 小球机械能一直在减小, 下降过程中 最低点的速度小于上升过程的最低点的速度, 故排球被垫起时的速度最大, B 正确;\nC. 达到最高点速度荘 零, 空气阻力为零, 此刻排球重力提供加速度不为零, $\\mathrm{C}$ 错误;\nD. 下落过程中, 排球速度在变, 所受空气阻力在变, 故排球所受的合外力在变化, 排球在下落过程中做变加运动, $\\mathrm{D}$ 错误。\n故选 B。",
            "index": 3,
            "score": 6
        },
        {
            "year": "2023",
            "category": "全国乙卷",
            "question": "3. 2022 年 10 月, 全球众多天文设施观测到迄今最亮伽马射线暴, 其中我国的 “慧眼” 卫星、“极目” 空间望远镜等装置在该事件观测中作出重要贡献。由观测结果推断, 该伽马射线暴在 1 分钟内释放的能量量级为 $10^{48} \\mathrm{~J}$ 。假设释放的能量来自于物质质量的减少, 则每秒钟平均减少的质量量级为 (光速为 $\\left.3 \\times 10^8 \\mathrm{~m} / \\mathrm{s}\\right)$\nA. $10^{19} \\mathrm{~kg}$\nB. $10^{24} \\mathrm{~kg}$\nC. $10^{29} \\mathrm{~kg}$\nD. $10^{34} \\mathrm{~kg}$",
            "answer": [
                "C"
            ],
            "analysis": "【详解】根据质能方程 $E=m c^2$ 可知, 则每秒钟平均减少的质量为\n$$\n\\Delta m=\\frac{E_0}{60 c^2}=\\frac{10^{48}}{60 \\times\\left(3 \\times 10^8\\right)^2}=\\frac{10^{30}}{5.4} \\mathrm{~kg}\n$$\n则每秒钟平均减少的质量量级为 $10^{29} \\mathrm{~kg}$ 。故选 C。",
            "index": 4,
            "score": 6
        },
        {
            "year": "2023",
            "category": "新课标卷",
            "question": "1. 船上的人和水下的潜水员都能听见轮船的鸣笛声。声波在空气中和在水中传播时的 ()\nA. 波速和波长均不同\nB. 频率和波速均不同\nC. 波长和周期均不同\nD. 周期和频率均不同",
            "answer": [
                "A"
            ],
            "analysis": "【详解】声波的周期和频率由振源决定, 故声波在空气中和在水中传播的周期和频率均相同, 但声波在空气和水中传播的波速不同，根据波速与波长关系 $v=\\lambda f$ 可知，波长也不同。故 $\\mathrm{A}$ 正确, $\\mathrm{BCD}$ 错误。故选 A。",
            "index": 5,
            "score": 6
        },
        {
            "year": "2023",
            "category": "新课标卷",
            "question": "2. 无风时, 雨滴受空气阻力的作用在地面附近会以恒定的速率坚直下落。一质量为 $m$ 的雨滴在地面附近以速率 $v$ 下落高度 $h$ 的过程中, 克服空气阻力做的功为（重力加速度大小为 $g$ ）( ）\nA. 0\nB. $m g h$\nC. $\\frac{1}{2} m v^2-m g h$\nD. $\\frac{1}{2} m v^2+m g h$",
            "answer": [
                "B"
            ],
            "analysis": "【详解】在地面附近雨滴做匀速运动, 根据动能定理得\n$$\nm g h-W_{\\mathrm{f}}=0\n$$\n故雨滴克服空气阻力做功为 $m g h$ 。故选 B。",
            "index": 6,
            "score": 6
        },
        {
            "year": "2023",
            "category": "新课标卷",
            "question": "3. 铯原子基态的两个超精细能级之间跃迁发射的光子具有稳定的频率, 铯原子钟利用的两能级的能量差量级为 $10^{-5} \\mathrm{eV}$, 跃迁发射的光子的频率量级为 (普朗克常量 $h=6.63 \\times 10^{-34} \\mathrm{~J} \\cdot \\mathrm{s}$, 元电荷 $\\left.e=1.60 \\times 10^{-19} \\mathrm{C}\\right)()$\nA. $10^3 \\mathrm{~Hz}$\nB. $10^6 \\mathrm{~Hz}$\nC. $10^9 \\mathrm{~Hz}$\nD. $10^{12} \\mathrm{~Hz}$",
            "answer": [
                "C"
            ],
            "analysis": "【详解】铯原子利用的两能极的能量差量级对应的能量为\n$$\n\\varepsilon=10^{-5} \\mathrm{eV}=10^{-5} \\times 1.6 \\times 10^{-19} \\mathrm{~J}=1.6 \\times 10^{-24} \\mathrm{~J}\n$$\n由光子能量的表达式 $\\varepsilon=h v$ 可得, 跃迁发射的光子的频率量级为\n$$\nv=\\frac{\\varepsilon}{h}=\\frac{1.6 \\times 10^{-24}}{6.63 \\times 10^{-34}} \\mathrm{~Hz} \\approx 2.4 \\times 10^9 \\mathrm{~Hz}\n$$\n跃迁发射的光子的频率量级为 $10^9 \\mathrm{~Hz}$ 。故选 C。",
            "index": 7,
            "score": 6
        },
        {
            "year": "2023",
            "category": "新课标卷",
            "question": "4. 2023 年 5 月, 世界现役运输能力最大的货运飞船天舟六号, 携带约 $5800 \\mathrm{~kg}$ 的物资进入距离地面约 $400 \\mathrm{~km}$ (小于地球同步卫星与地面的距离) 的轨道, 顺利对接中国空间站后近似做匀速圆周运动。对接后，这批物资（ ）\nA. 质量比静止在地面上时小\nB. 所受合力比静止在地面上时小\nC. 所受地球引力比静止在地面上时大\nD. 做圆周运动的角速度大小比地球自转角速度大",
            "answer": [
                "D"
            ],
            "analysis": "【详解】A. 物体在低速 (速度远小于光速) 宏观条件下质量保持不变, 即在空间站和地面质量相同, 故 A 错误;\nBC. 设空间站离地面的高度为 $h$, 这批物质在地面上静止合力为零, 在空间站所受合力为万有引力即\n$$\nF=\\frac{G M m}{(R+h)^2}\n$$\n在地面受地球引力为\n$$\nF_1=\\frac{G M m}{R^2}\n$$\n因此有 $F_1>F$, 故 $\\mathrm{BC}$ 错误;\nD. 物体绕地球做匀速圆周运动万有引力提供向心力\n$$\n\\frac{G M m}{r^2}=m \\omega^2 r\n$$\n解得\n$$\n\\omega=\\sqrt{\\frac{G M}{r^3}}\n$$\n这批物质在空间站内的轨道半径小于同步卫星的轨道半径, 因此这批物质的角速度大于同步卫星的角速度,同步卫星的角速度等于地球自转的角速度, 即这批物质的角速度大于地球自转的角速度, 故 $\\mathrm{D}$ 正确。故选 D。",
            "index": 8,
            "score": 6
        },
        {
            "year": 2023,
            "category": "全国甲卷",
            "question": "13. 在一汽缸中用活塞封闭着一定量的理想气体, 发生下列缓慢变化过程, 气体一定与外界有热量交换的过程是 $()$\nA. 气体的体积不变, 温度升高\nB. 气体的体积减小, 温度降低\nC. 气体的体积减小, 温度升高\nD. 气体的体积增大, 温度不变\nE. 气体的体积增大, 温度降低",
            "answer": [
                "ABD"
            ],
            "analysis": "【详解】A. 气体的体积不变温度升高, 则气体的内能升高, 体积不变气体做功为零, 因此气体吸收热量, A 正确;\nB. 气体的体积减小温度降低, 则气体的内能降低, 体积减小外界对气体做功, 由热力学第一定律\n$$\n\\Delta U=W+Q\n$$\n可知气体对外放热, B 正确;\nC. 气体的体积减小温度升高, 则气体的内能升高, 体积减小外界对气体做功, 由热力学第一定律\n$$\n\\Delta U=W+Q\n$$\n可知 $Q$ 可能等于零, 即没有热量交换过程, $\\mathrm{C}$ 错误;\nD. 气体的体积增大温度不变则气体的内能不变, 体积增大气体对外界做功, 由热力学第一定律\n$$\n\\Delta U=W+Q\n$$\n可知\n$$\nQ>0\n$$\n即气体吸收热量, D 正确;\nE. 气体的体积增大温度降低则气体的内能降低, 体积增大气体对外界做功, 由热力学第一定律\n$$\n\\Delta U=W+Q\n$$\n可知 $Q$ 可能等于零, 即没有热量交换过程, $\\mathrm{E}$ 错误。故选 ABD。",
            "index": 9,
            "score": 6
        },
        {
            "year": 2023,
            "category": "全国乙卷",
            "question": "13. 对于一定量的理想气体, 经过下列过程, 其初始状态的内能与末状态的内能可能相等的是 ( )\nA. 等温增压后再等温膨胀\nB. 等压膨胀后再等温压缩\nC. 等容减压后再等压膨胀\nD. 等容增压后再等压压缩\nE. 等容增压后再等温膨胀",
            "answer": [
                "ACD"
            ],
            "analysis": "【详解】A. 对于一定质量的理想气体内能由温度决定, 故等温增压和等温膨胀过程温度均保持不变, 内能不变, 故 A 正确;\nB. 根据理想气体状态方程\n$$\n\\frac{P V}{T}=C\n$$\n可知等压膨胀后气体温度升高, 内能增大, 等温压缩温度不变, 内能不变, 故末状态与初始状态相比内能增加, 故 B 错误;\nC. 根据理想气体状态方程可知等容减压过程温度降低, 内能减小; 等压膨胀过程温度升高, 末状态的温度有可能和初状态的温度相等, 内能相等, 故 C 正确;\nD. 根据理想气体状态方程可知等容增压过程温度升高; 等压压缩过程温度降低, 末状态的温度有可能和初状态的温度相等, 内能相等, 故 D 正确;\nE. 根据理想气体状态方程可知等容增压过程温度升高; 等温膨胀过程温度不变, 故末状态的内能大于初状态的内能, 故 $\\mathrm{E}$ 错误。\n故选 ACD。",
            "index": 10,
            "score": 6
        }
    ]
}