{
    "keywords": "2023_Biology_MCQs",
    "example": [
        {
            "year": "2023",
            "category": "（新课标）",
            "question": "1. 物质输入和输出细胞都需要经过细胞膜。下列有关人体内物质跨膜运输的叙述, 正确的是 $()$\nA. 乙醇是有机物, 不能通过自由扩散方式跨膜进入细胞\nB. 血浆中的 $\\mathrm{K}^{+}$进入红细胞时需要载体蛋白并消耗 ATP\nC. 抗体在浆细胞内合成时消耗能量, 其分泌过程不耗能\nD ·葡萄糖可通过主动运输但不能通过协助扩散进入细胞",
            "answer": [
                "B"
            ],
            "analysis": "【详解】A、乙醇是有机物, 与细胞膜中磷脂相似相溶, 可以通过扩散方式进入细胞, A 错误;\nB、血浆中 $\\mathrm{K}^{+}$量低, 红细胞内 $\\mathrm{K}^{+}$含量高, 逆浓度梯度为主动运输, 需要消耗 ATP 并需要载体蛋白, B 正确;\nC、抗体为分泌蛋白, 分泌过程为胞吐, 需要消耗能量, C 错误;\nD、葡萄糖进入小肠上皮细胞等为主动运输，进入哺乳动物成熟的红细胞为协助扩散， D 错误。故选 B。",
            "index": 0,
            "score": 6
        },
        {
            "year": "2023",
            "category": "全国甲卷",
            "question": "2. 植物激素是一类由植物体产生的, 对植物的生长发育有显著影响的微量有机物, 下列关于植物激素的叙述,错误的是()\nA. 在植物幼嫩的芽中色氨酸可以转变成生长素\nB. 生长素可以从产生部位运输到其他部位发挥作用\nC. 生长素和乙烯可通过相互作用共同调节植物的生长发育\nD. 植物体内生长素可以作为催化剂直接参与细胞代谢过程",
            "answer": [
                "D"
            ],
            "analysis": "【详解】A、生长素的产生位置主要是植物幼嫩的芽、叶和发育中的种子; 色氨酸是合成生长素的原料, A 正确;\nB、植物激素都是由产生部位运输到作用部位的, B 正确;\nC、植物激素之间相互协调, 互相配合共同影响植物生命活动, 调节植物生长发育, C 正确;\nD、生长素是信号分子, 不是催化剂, 催化剂是酶的作用, D 错误。\n故选 D。",
            "index": 1,
            "score": 6
        },
        {
            "year": "2023",
            "category": "全国甲卷",
            "question": "3. 中枢神经系统对维持人体内环境的稳态具有重要作用。下列关于人体中枢的叙述, 错误的是()\nA. 大脑皮层是调节机体活动的最高级中枢\nB. 中枢神经系统的脑和脊髓中含有大量的神经元\nC. 位于脊髓的低级中枢通常受脑中相应的高级中枢调控\nD 人体脊髓完整而脑部受到损伤时, 不能完成膝跳反射",
            "answer": [
                "D"
            ],
            "analysis": "【详解】A、调节机体的最高级中枢是大脑皮层, 可调控相应的低级中枢, A 正确;\nB、脊椎动物和人的中枢神经系统, 包括位于䏠页腔中的脑和脊柱椎管内的脊髓, 它们含有大量的神经元这些神经元组合成许多不同的神经中枢, 分别负责调控某一特定的生理功能, B 正确;\nC、脑中的高级中枢可调控位于脊髓的低级中枢, C 正确;\nD、膝跳反射低级神经中枢位于脊髓, 故脊髓完整时即可完成膝跳反射, D 错误。故选 D。",
            "index": 2,
            "score": 6
        },
        {
            "year": "2023",
            "category": "全国甲卷",
            "question": "5. 在生态系统中, 生产者所固定的能量可以沿着食物链传递, 食物链中的每个环节即为一个营养级。下列关于营养级的叙述，错误的是 $()$\nA. 同种动物在不同食物链中可能属于不同营养级\nB. 作为生产者的绿色植物所固定的能量来源于太阳\nC. 作为次级消费者的肉食性动物属于食物链的第二营养级\nD. 能量从食物链第一营养级向第二营养级只能单向流动",
            "answer": [
                "C"
            ],
            "analysis": "【详解】A、杂食动物既会捕食植物, 又会捕食动物, 如果捕食植物, 就是第二营养级, 捕食动物, 就是第三营养级或更高营养级，所以不同食物链中的动物会处于不同的营养级， A 正确;\nB、绿色植物进行的是光合作用, 能量来源于太阳, B 正确;\nC、次级消费者是第三营养级，初级消费者是第二营养级，第一营养级是生产者， C 错误;\n$\\mathrm{D} 、$ 因为第一营养级是植物, 第二营养级是动物, 食物链是单向的, 能量流动也就是单间的, $\\mathrm{D}$ 正确。故选 C。",
            "index": 3,
            "score": 6
        },
        {
            "year": "2023",
            "category": "全国甲卷",
            "question": "6. 水稻的某病害是由某种真菌（有多个不同菌株）感染引起的。水稻中与该病害抗性有关的基因有 3 个 （A1、A2、a); 基因 A1 控制全抗性状（抗所有菌株)，基因 A2 控制抗性性状（抗部分菌株），基因 a 控制易感性状 (不抗任何菌株), 且 A1 对 A2 为显性, A1 对 a 为显性、A2 对 a 为显性。现将不同表现型的水稻植株进行杂交, 子代可能会出现不同的表现型及其分离比。下列叙述错误的是 $( )$\nA. 全抗植株与抗性植株杂交, 子代可能出现全抗：抗性 $=3: 1$\nB. 抗性植株与易感植株杂交, 子代可能出现抗性：易感 $=1: 1$\nC. 全抗植株与易感植株杂交, 子代可能出现全抗：抗性=1：1\nD. 全抗植株与抗性植株杂交, 子代可能出现全抗：抗性：易感=2: 1: 1",
            "answer": [
                "A"
            ],
            "analysis": "【详解】 $\\mathrm{AD}$ 、全抗植株与抗性植株, 有六种交配情况: $\\mathrm{A} 1 \\mathrm{~A} 1$ 与 $\\mathrm{A} 2 \\mathrm{~A} 2$ 或者 $\\mathrm{A} 2 \\mathrm{a}$ 交配, 后代全是全抗植株; $\\mathrm{A} 1 \\mathrm{~A} 2$ 与 $\\mathrm{A} 2 \\mathrm{~A} 2$ 或者 $\\mathrm{A} 2 \\mathrm{a}$ 交配, 后代全抗: 抗性 $=1: 1 ; \\mathrm{A} 1 \\mathrm{a}$ 与 $\\mathrm{A} 2 \\mathrm{~A} 2$ 交配, 后代全抗: 抗性 $=1: 1$; A1a 与 A2a 交配, 后代全抗: 抗性: 易感 $=2: 1: 1$ 。 A 错误, D 正确;\nB、抗性植株 A2A2 或者 A2a 与易感植株 aa 交配, 后代全为抗性, 或者为抗性: 易感 $=1: 1, \\mathrm{~B}$ 正确 C、全抗与易感植株交, 若如果是 $\\mathrm{A} 1 \\mathrm{~A} 1$ 与 $\\mathrm{aa}$, 后代全为全抗, 若是 $\\mathrm{A} 1 \\mathrm{~A} 2$ 与 $\\mathrm{a}$, 后代为全抗: 抗性 $=1$ : 1, 若是 A1a 与 $\\mathrm{aa}$, 后代为全抗:易感 $=1: 1, \\mathrm{C}$ 正确。故选 A。",
            "index": 4,
            "score": 6
        },
        {
            "year": "2023",
            "category": "全国乙卷",
            "question": "1. 生物体内参与生命活动的生物大分子可由单体聚合而成, 构成蛋白质等生物大分子的单体和连接键, 以及检测生物大分子的试剂等信息如下表。\n\\begin{tabular}{|c|c|c|c|}\n\\hline 单体 & 连接键 & 生物大分子 & 检测试剂或染色剂 \\\\\n\\hline 葡萄糖 & - & (1) & - \\\\\n\\hline (2) & (3) & 蛋白质 & (4) \\\\\n\\hline (5) & - & 核酸 & (6 \\\\\n\\hline\n\\end{tabular}\n根据表中信息, 下列叙述错误的是 ()\nA. (1)可以是淀粉或糖原\nB. (2)是氨基酸, (3)是肽键, (5)是碱基\nC. (2)和(5)都含有 $\\mathrm{C} 、 \\mathrm{H} 、 \\mathrm{O} 、 \\mathrm{~N}$ 元素\nD. (4)可以是双缩脲试剂, 6可以是甲基绿和吡罗红混合染色剂",
            "answer": [
                "B"
            ],
            "analysis": "【详解】A、葡萄糖是多糖的单体, 多糖包括淀粉、糖原和纤维素, 故(1)可以是淀粉或糖原, A 正确;\nB、蛋白质是由单体(2)氨基酸通过脱水缩合形成(3)肽键连接形成的, 核酸的单体是核苷酸, 故(5)是核苷酸, B 错误;\nC、(2) 氨基酸的元素组成是 $\\mathrm{C} 、 \\mathrm{H} 、 \\mathrm{O} 、 \\mathrm{~N}$ ， (5)核苷酸的元素组成是 $\\mathrm{C} 、 \\mathrm{H} 、 \\mathrm{O} 、 \\mathrm{~N} 、 \\mathrm{P}, \\mathrm{C}$ 正确;\nD、检测蛋白质的(4)可以是双缩脲试剂，检测核酸的6)可以是甲基绿和吡罗红混合染色剂，D正确。故选 B",
            "index": 5,
            "score": 6
        },
        {
            "year": "2023",
            "category": "全国乙卷",
            "question": "2. 植物叶片中的色素对植物的生长发育有重要作用。下列有关叶绿体中色素的叙述, 错误的是 $()$\nA. 氮元素和镁元素是构成叶绿素分子的重要元素\nB. 叶绿素和类胡夢卜素存在于叶绿体中类囊体的薄膜上\nC. 用不同波长的光照射类胡夢卜素溶液, 其吸收光谱在蓝紫光区有吸收峰\nD. 叶绿体中的色素在层析液中的溶解度越高, 随层析液在滤纸上扩散得越慢",
            "answer": [
                "D"
            ],
            "analysis": "【详解】 $\\mathrm{A} 、$ 叶绿素 元素组成是 $\\mathrm{C} 、 \\mathrm{H} 、 \\mathrm{O} 、 \\mathrm{~N} 、 \\mathrm{Mg}$, 所以氮元素和镁元素是构成叶绿素分子的重要元素, A 正确;\nB、光反应的场所是类囊体的薄膜, 需要光合色素吸收光能, 所以叶绿素和类胡夢卜素存在于叶绿体中类囊体的薄膜上, B 正确;\nC、类胡夢卜素主要吸收蓝紫光, 所以用不同波长的光照射类胡夢卜素溶液, 其吸收光谱在蓝紫光区有吸收峰, C 正确;\nD、叶绿体中的色素在层析液中的溶解度越高, 随层析液在滤纸上扩散得越快, D 错误。故选 D。",
            "index": 6,
            "score": 6
        },
        {
            "year": "2023",
            "category": "全国乙卷",
            "question": "4. 激素调节是哺乳动物维持正常生命活动的重要调节方式。下列叙述错误的是 $()$\nA. 甲状腺分泌甲状腺激素受垂体和下丘脑 调节\nB. 细胞外液渗透压下降可促进抗利尿激素的释放\nC. 胸腺可分泌胸腺激素, 也是 $\\mathrm{T}$ 细胞成熟的场所\nD. 促甲状腺激素可经血液运输到靶细胞发作用",
            "answer": [
                "B"
            ],
            "analysis": "【详解】A、甲状腺分泌甲状腺激素受下丘脑分泌的促甲状腺激素释放激素以及垂体分泌的促甲状腺激素的调节, A 正确;\nB、细胞外液渗透压下降对下丘脑渗透压感受器的刺激作用减弱, 因而下丘脑的神经分泌细胞分泌的抗利尿激素减少，同时通过垂体释放的抗利尿激素也减少， B 错误;\n$\\mathrm{C} 、$ 胸腺可分泌脑腺激素, 能增强免疫细胞的功能, 同时 $\\mathrm{T}$ 细胞成熟的场所也在胸腺, $\\mathrm{C}$ 正确;\nD、促甲状腺激素作为一种激素由垂体细胞合成和分泌后, 经血液运输到靶细胞, 即甲状腺细胞发挥作用, D 正确。\n故选 B。",
            "index": 7,
            "score": 6
        },
        {
            "year": "2023",
            "category": "全国乙卷",
            "question": "5. 已知某种氨基酸（简称甲）是一种特殊氨基酸，迄今只在某些古菌（古细菌）中发现含有该氨基酸 蛋白质。研究发现这种情况出现的原因是，这些古菌含有特异的能够转运甲的tRNA（表示为tRNA甲）和酶E，酶E催化甲与tRNA甲结合生成携带了甲的tRNA甲（表示为甲－tRNA甲），进而将甲带入核糖体参与肽链合成。已知tRNA甲可以识别大肠杆菌mRNA中特定的密码子，从而在其核糖体上参与肽链的合成。若要在大肠杆菌中合成含有甲的肽链，则下列物质或细胞器中必须转入大肠杆菌细胞内的是（    ）\n①ATP  ②甲  ③RNA聚合酶  ④古菌的核糖体  ⑤酶E的基因  ⑥tRNA甲的基因\nA. ②⑤⑥\tB. ①②⑤\tC. ③④⑥\tD. ②④⑤",
            "answer": [
                "A"
            ],
            "analysis": "【详解】据题意可知，氨基酸甲是一种特殊氨基酸，迄今只在某些古菌（古细菌）中发现含有该氨基酸的蛋白质，所以要在大肠杆菌中合成含有甲的肽链，必须往大肠杆菌中转入氨基酸甲，②正确；又因古菌含有特异的能够转运甲的tRNA（表示为tRNA甲）和酶E，酶E催化甲与tRNA甲结合生成携带了甲的tRNA甲（表示为甲－tRNA甲），进而将甲带入核糖体参与肽链合成。tRNA甲可以识别大肠杆菌mRNA中特定的密码子，从而在其核糖体上参与肽链的合成。所以大肠杆菌细胞内要含有tRNA甲的基因以便合成tRNA甲，大肠杆菌细胞内也要含有酶E的基因以便合成酶E，催化甲与tRNA甲结合，⑤⑥正确。肽链的合成过程需要能量（ATP），但是大肠杆菌可通过无氧呼吸提供能量。\n故选A。",
            "index": 8,
            "score": 6
        },
        {
            "year": "2023",
            "category": "全国乙卷",
            "question": "6. 某种植物的宽叶/窄叶由等位基因A/a控制，A基因控制宽叶性状：高茎/矮茎由等位基因B/b控制，B基因控制高茎性状。这2对等位基因独立遗传。为研究该种植物的基因致死情况，某研究小组进行了两个实验，实验①：宽叶矮茎植株自交，子代中宽叶矮茎∶窄叶矮茎＝2∶1；实验②：窄叶高茎植株自交，子代中窄叶高茎∶窄叶矮茎＝2∶1。下列分析及推理中错误的是（    ）\nA. 从实验①可判断A基因纯合致死，从实验②可判断B基因纯合致死\nB. 实验①中亲本的基因型为Aabb，子代中宽叶矮茎的基因型也为Aabb\nC. 若发现该种植物中的某个植株表现为宽叶高茎，则其基因型为AaBb\nD. 将宽叶高茎植株进行自交，所获得子代植株中纯合子所占比例为1/4",
            "answer": [
                "D"
            ],
            "analysis": "【详解】A、实验①：宽叶矮茎植株自交，子代中宽叶矮茎∶窄叶矮茎＝2∶1，亲本为Aabb，子代中原本为AA：Aa：aa=1：2：1，因此推测AA致死；实验②：窄叶高茎植株自交，子代中窄叶高茎∶窄叶矮茎＝2∶1，亲本为aaBb，子代原本为BB：Bb：bb=1：2：1，因此推测BB致死，A正确；\nB、实验①中亲本为宽叶矮茎，且后代出现性状分离，所以基因型为Aabb，子代中由于AA致死，因此宽叶矮茎的基因型也为Aabb，B正确；\nC、由于AA和BB均致死，因此若发现该种植物中的某个植株表现为宽叶高茎，则其基因型为AaBb ，C正确；\nD、将宽叶高茎植株AaBb进行自交，由于AA和BB致死，子代原本的9：3：3：1剩下4：2：2：1，其中只有窄叶矮茎的植株为纯合子，所占比例为1/9，D错误。\n故选D。",
            "index": 9,
            "score": 6
        },
        {
            "year": "2023",
            "category": "全国乙卷",
            "question": "1. 葡萄糖是人体所需的一种单糖。下列关于人体内葡萄糖的叙述，错误的是（    ）\nA. 葡萄糖是人体血浆的重要组成成分，其含量受激素的调节\nB. 葡萄糖是机体能量的重要来源，能经自由扩散通过细胞膜\nC. 血液中的葡萄糖进入肝细胞可被氧化分解或转化为肝糖原\nD. 血液中的葡萄糖进入人体脂肪组织细胞可转变为甘油三酯",
            "answer": [
                "B"
            ],
            "analysis": "【详解】A、葡萄糖是人体血浆的重要组成成分，血液中的糖称为血糖，血糖含量受胰岛素、胰高血糖素等激素的调节，A正确；\nB、葡萄糖是细胞生命活动所需要的主要能源物质，是机体能量的重要来源，葡萄糖通过细胞膜进入红细胞是协助扩散，进入其他细胞一般通过主动运输，B错误；\nCD、血糖浓度升高时，在胰岛素作用下，血糖可以进入肝细胞进行氧化分解并合成肝糖原，进入脂肪组织细胞转变为甘油三酯，CD正确。\n故选B",
            "index": 10,
            "score": 6
        },
        {
            "year": "2023",
            "category": "新课标卷",
            "question": "2. 我国劳动人民在漫长的历史进程中，积累了丰富的生产、生活经验，并在实践中应用。生产和生活中常采取的一些措施如下。\n①低温储存，即果实、蔬菜等收获后在低温条件下存放\n②春化处理，即对某些作物萌发的种子或幼苗进行适度低温处理\n③风干储藏，即小麦、玉米等种子收获后经适当风干处理后储藏\n④光周期处理，即在作物生长的某一时期控制每天光照和黑暗的相对时长\n⑤合理密植，即裁种作物时做到密度适当，行距、株距合理\n⑥间作种植，即同一生长期内，在同一块土地上隔行种植两种高矮不同的作物\n关于这些措施，下列说法合理的是（    ）\nA. 措施②④分别反映了低温和昼夜长短与作物开花的关系\nB. 措施③⑤的主要目的是降低有机物的消耗\nC. 措施②⑤⑥的主要目的是促进作物的光合作用\nD. 措施①③④的主要目的是降低作物或种子的呼吸作用强",
            "answer": [
                "A"
            ],
            "analysis": "【详解】A、措施②春化处理是为了促进花芽形成，反映了低温与作物开花的关系，④光周期处理，反映了昼夜长短与作物开花的关系，A正确； \nB、措施③风干储藏可以减少自由水，从而减弱细胞呼吸，降低有机物的消耗，⑤合理密植的主要目的是提高能量利用率，促进光合作用，B错误；\nC、措施②春化处理是为了促进花芽形成，⑤⑥的主要目的是促进作物的光合作用，C错误； \nD、措施①③的主要目的是降低作物或种子的呼吸作用强度，④光周期处理，目的是促进或抑制植物开花，D错误。\n故选A。",
            "index": 11,
            "score": 6
        },
        {
            "year": "2023",
            "category": "新课标卷",
            "question": "3. 人体内的免疫细胞是体液免疫和细胞免疫过程的重要参与者。下列叙述正确的是（    ）\n①免疫细胞表面的受体可识别细菌、病毒等入侵机体的病原体\n②树突状细胞能够处理和呈递抗原，淋巴细胞不能呈递抗原\n③辅助性T细胞参与体液免疫过程而不参与细胞免疫过程\n④体液免疫可产生记忆B细胞，细胞免疫可产生记忆T细胞\n⑤某些致病细菌感染人体既可引发体液免疫又可引发细胞免疫\nA. ①②④\tB. ①④⑤\tC. ②③⑤\tD. ③④⑤",
            "answer": [
                "B"
            ],
            "analysis": "【详解】①病原体进入机体后，其表面一些特定的蛋白质等物质，能够与免疫细胞表面的受体结合，从而引发免疫反应，故免疫细胞表面的受体可识别细菌、病毒等入侵机体的病原体，①正确；\n②B细胞、树突状细胞和巨噬细胞都能够处理和呈递抗原，B细胞属于淋巴细胞，②错误；\n③辅助性T细胞在体液免疫过程中，辅助性T细胞表面的特定分子发生变化与B细胞结合作为激活B细胞的第二信号，并且分裂分化，分泌细胞因子促进B细胞的分裂、分化过程；在细胞免疫过程中，辅助性T细胞分泌细胞因子促进细胞毒性T细胞增殖分化。因此辅助性T细胞既参与体液免疫又参与细胞免疫过程，③错误；\n④体液免疫过程中，B细胞活化后开始增殖分化，一小部分分化为记忆B细胞；细胞免疫过程中，细胞毒性T细胞分裂并分化，形成新的细胞毒性T细胞和记忆T细胞，④正确；\n⑤某些病细菌是寄生在宿主细胞内的，感染人体时既可引发体液免疫又可引发细胞免疫，⑤正确。\n综上所述，①④⑤正确。\n故选B。",
            "index": 12,
            "score": 6
        },
        {
            "year": "2023",
            "category": "新课标卷",
            "question": "4. 为了研究和保护我国东北地区某自然保护区内的野生哺乳动物资源，研究人员采用红外触发相机自动拍摄技术获得了该保护区内某些野生哺乳动物资源的相应数据，为生态学研究提供了相关依据。下列叙述错误的是（    ）\nA. 通过对数据的分析和处理，可以了解保护区内大型野生哺乳动物的物种丰富度\nB. 与标记重捕法相比，采用该技术进行调查对野生哺乳动物的生活干扰相对较小\nC. 采用红外触发相机拍摄技术可调查生活在该自然保护区内东北豹的种群密度\nD. 该技术能调查保护区内东北豹种群中成年个体数量，不能调查幼年个体数量",
            "answer": [
                "D"
            ],
            "analysis": "【详解】A、红外触发相机监测野生动物方法是一种新型调查手段，特别适用于对活动隐秘的大中型、珍稀兽类、鸟类的记录。通过对数据的分析和处理，可以了解保护区内大型野生哺乳动物的物种数目的多少，即物种丰富度，A正确；\nB、标记重捕法需要捕捉动物并标记，后再次捕捉，故与标记重捕法相比，采用该技术进行调查对野生哺乳动物的生活干扰相对较小， B正确；\nC、采用红外触发相机拍摄技术可得保护区内东北豹种群数量和分布情况，即可调查生活在该自然保护区内东北豹的种群密度 ，C正确；\nD、该技术能调查保护区内东北豹种群中各年龄段的个体数量，D错误。\n故选D。",
            "index": 13,
            "score": 6
        },
        {
            "year": "2023",
            "category": "新课标卷",
            "question": "5. 某研究小组从野生型高秆（显性）玉米中获得了2个矮秆突变体，为了研究这2个突变体 基因型，该小组让这2个矮秆突变体（亲本）杂交得F1，F1自交得F2，发现F2中表型及其比例是高秆:矮秆:极矮秆=9:6:1。若用A、B表示显性基因，则下列相关推测错误的是（    ）\nA. 亲本的基因型为aaBB和AAbb，F1的基因型为AaBb\nB. F2矮秆的基因型有aaBB、AAbb、aaBb、Aabb，共4种\nC. 基因型是AABB 个体为高秆，基因型是aabb的个体为极矮秆\nD. F2矮秆中纯合子所占比例为1/2，F2高秆中纯合子所占比例为1/16",
            "answer": [
                "D"
            ],
            "analysis": "【详解】A、F2中表型及其比例是高秆:矮秆:极矮秆=9:6:1，符合:9:3:3:1的变式，因此因此控制两个矮秆突变体的基因遵循基因的自由组合定律，即高秆基因型为A_B_，矮秆基因型为A_bb、aaB_，极矮秆基因型为aabb，因此可推知亲本的基因型为aaBB和AAbb，F1的基因型为AaBb，A正确；\nB、矮秆基因型为A_bb、aaB_，因此F2矮秆的基因型有aaBB、AAbb、aaBb、Aabb，共4种，B正确；\nC、由F2中表型及其比例可知基因型是AABB的个体为高秆，基因型是aabb的个体为极矮秆，C正确；\nD、F2矮秆基因型为A_bb、aaB_共6份，纯合子基因型为aaBB、AAbb共2份，因此矮秆中纯合子所占比例为1/3，F2高秆基因型为A_B_共9份，纯合子为AABB共1份，因此高秆中纯合子所占比例为1/9，D错误。\n故选D。",
            "index": 14,
            "score": 6
        }
    ]
}