{
    "keywords": "2023_Chinese_Modern_Lit",
    "example": [
        {
            "year": "2023",
            "category": "全国甲卷",
            "question": "阅读下面 文字，完成各题。\n随着中国考古学的飞速发展，考古资料得以大量积累，考古学文化时空框架体系基本建立，多学科合作日益深入，各种专题研究广泛展开。“考古写史”在中国已经取得巨大成就，获得诸多具有突破性和填补空白意义的成绩，中国考古学证明了自身的价值，尤其是在上古史构建方面展现了广阔前景。\n从考古发现来看，考古学提供了传统历史学不可想象的新发现、新材科，呈现出不同时期的古代物质文化面貌、古人日常生产生活状态以及各地的文明化进程等，如不同区域新石器时代晚期大型聚落遗址、大型公共建筑、大型墓葬、水利设施、手工业作坊，以及象征王权、神权、军权和复杂礼制出现的精美玉器、陶器、漆器、象牙器等。\n从重构上古史体系角度看，20世纪70—80年代，夏鼐、苏秉琦等系统地构建了新石器与夏商周三代时期的考古学文化区系类型时空框架体系。苏秉琦在新石器时代考古学文化区系类型基础上提出“满天星斗”“多元一体”和“古国一方国帝国”等关于中国上古史的历史叙述体系。严文明提出“重瓣花朵”模式，在承认多区域文化共存的文化多元性的同时，强调中原文化区“联系各文化区的核心作用”。张光直认为各地区文化多元发展并通过彼此之间的密切交流而形成一个“中国相互作用圈”。\n从二里头文化、二里岗文化到殷墟考古学文化、周代考古学文化，考古学不仅展现了不同于传统文献记载的这一时期文化、科技、礼制等众多方面从发展到成熟的历史脉络，而且填补了诸多传统历史学的空白，如四川的三星堆——金沙文化、江西的吴城文化、两周时期的曾国与中山国历史，等等。\n这些成果证明考古学完全有能力担当重写中国上古史的重任，并且已经初步形成具有自身特色的上古史叙述与解释体系，超越了传统的具有传说性质的三皇五帝体系和存在争议的夏商周三代古史体系，正如习近平总书记所说：“经过几代考古人接续奋斗，我国考古工作取得了重大成就，延伸了历史轴线，增强了历史信度，丰富了历史内涵，活化了历史场景。”\n学界一直存在着“证经补史”的传统史学思路，试图将考古学文化体系纳入三皇五帝的古史框架体系之中，似乎中国考古学如果没有发现并证明三皇五帝与夏商周，就没有价值和意义，但研究实践告诉我们：这种传统治史思路影响了中国考古学的视野和思维方式，限制了考古学在重构中国上古史中的作用。比如，考古发现与研究显示，二里头遗址和二里头文化在东亚地区的文明形成与发展中占据了关键性地位，奠定了中国独特的礼乐文化传统的基础，在人类文明史上具有世界性的标志意义，尽管二里头遗址是否就是文献记载中的夏都所在地，在学术界仍有争议。我们对二里头遗址与二里头文化应该开展扎实的田野工作并展开全方位的考古学研究与阐释，而不是将主要目标集中于它是否是文献记载中的“夏”，并为此争论不休。\n（摘编自徐良高《以考古学构建中国上古史》）\n1. 下列关于原文内容的理解和分析，正确的一项是（   ）\nA. 考古学者对新石器时代的考古，更侧重发掘能体现古代物质文化面貌的大型遗址。\nB. 考古发现可以为有文献记载的历史提供参考、印证和补充，让历史的内涵更丰富。\nC. 考古证明，“证经补史”的传统史学思路，很难为中国上古史提供叙述与解释体系。\nD. 二里头遗址是否就是文献记载中的夏都无关紧要，紧要的是开展更为扎实的研究。\n2. 下列对原文论证的相关分析，不正确的一项是（   ）\nA. 文章开宗明义，然后从不同角度论述中国考古学能担当重写中国上古史的重任。\nB. 文章在展开论述时，注重将传统历史学作为参照，用以凸显考古学的独特价值。\nC. 第二段和第四段列举诸多考古发现，是为了证明考古学具有延伸历史轴线的功能。\nD. 第三段介绍多种学术观点，展示了考古学在上古史体系构建方面取得的丰硕成果。\n3. 根据原文内容，下列说法不正确的一项是（   ）\nA. 出土的精美玉器、陶器、漆器、象牙器等，能为其所属时期的文明化进程提供佐证。\nB. 中国考古学的众多研究成果证明，“三皇五帝”只是神话传说，而非实有其人。\nC. 在二里头遗址和二里头文化中，已经发现了有关中华文明礼乐文化的信息。\nD. “考古写史”立足于考古发现，与以文献为本位的“证经补史”研究路径不同。",
            "answer": [
                "C",
                "C",
                "B"
            ],
            "analysis": "【1题详解】本题考查学生理解分析文章内容的能力。A.“……更侧重发掘能体现古代物质文化面貌的大型遗址”错误，文中说的是“如不同区域新石器时代晚期大型聚落遗址、大型公共建筑、大型墓葬、水利设施、手工业作坊，以及象征王权、神权、军权和复杂礼制出现的精美玉器、陶器、漆器、象牙器等”，“以及”表示并列，无法看出侧重哪方面。B.“考古发现可以为……”错误，张冠李戴，由文中“考古学提供了……”“考古学不仅展现了……而且填补了……”可知，是“考古学”，而非“考古发现”。D.“二里头遗址是否就是文献记载中的夏都无关紧要”错误，文章最后一段说的是“我们对二里头遗址与二里头文化应该开展扎实的田野工作并展开全方位的考古学研究与阐释，而不是将主要目标集中于它是否是文献记载中的‘夏’……”，文中是说不能将主要目标集中于“它是否是文献记载中的‘夏’”，并非“无关紧要”。故选C。\n【2题详解】本题考查学生分析论据、论点以及论证的能力。C.“是为了证明考古学具有延伸历史轴线的功能”错误，第二段和第四段列举诸多考古发现，第五段开头用“这些成果证明考古学完全有能力担当重写中国上古史的重任，并且已经初步形成具有自身特色的上古史叙述与解释体系，超越……古史体系”进行了总结，由此可知，列举这些考古发现的目的是为了证明“中国考古学能担当重写中国上古史的重任”。故选C。【3题详解】本题考查学生理解文章信息，把握作者观点态度的能力。B.“中国考古学的众多研究成果证明，‘三皇五帝’只是神话传说，而非实有其人”错误，文中说的是“这些成果证明考古学……超越了传统的具有传说性质的三皇五帝体系”“似乎中国考古学如果没有发现并证明三皇五帝与夏商周”，文中只是说“超越了”“具有传说性质的三皇五帝体系”，并没有说就此证明其“只是神话传说，而非实有其人”。故选B。",
            "index": 0,
            "score": 3
        },
        {
            "year": "2023",
            "category": "全国乙卷",
            "question": "阅读下面的文字，完成下面小题。\n文学研究有两条腿，一条是文学史，一条是文学批评，在一条腿向前迈的时候，另一条腿就要先停一停，踏在地上；否则，我们的身体就不容易保持平衡了。\n文学史框架建立在相对确定的价值体系之上，要据这个价值体系分出优劣、高下、主次乃至正反两个方面，在一定时期，首先确定的是文学批评的共同标准，这就是那时所建立的文学史框架的要求，文学史框架要有统一性，不能婆说婆有理、公说公有理，各行其是，一旦有了相对固定的文学史框架，文学史就不要一天一改。\n有了相对固定的文学史框架，说明研究者已经对其中一系列主要问题有了相对集中的认识，至少那些文学史的编写者承认这个框架是合理的，是有他们自己的文学感受和理解做根据的，不是人云亦云，不是别人一有异议就要改弦易辙的，文学史有自己的力量，尤其是文学史教材，文学史教材因其编写者大多是学科里有权威性的专家和学者，而有着更广泛的可信度，能够让更广大的文学史阅读者或教材使用者放心接受，人们首先通过文学史建立起对这个学科范围内的作家与作品的基本观点和基本印象，一旦有了相对固定的文学史框架，就不必担心不同人有不同的观点，因为这些与文学史框架的要求不同的观点，充其量只是将自己的不同意见充分表达出来罢了。它们对文学史框架的影响只是局部的，对现行文学史有局部的充实和微调的作用，在一般情况下，不可能从根本上改变人们对那些在文学史上已经得到充分论述的作家和作品的认识，人们不会从认识到杜甫诗的文学价值而至于认识不到杜甫诗的文学价值。与此同时，文学批评是个人化的，多样化的，自然有不同意见的发生，现行文学史的编写者和同意现行文学史观点的研究者同样会以个人身份参加到文学研究的行列之中，以平等的姿态与持有不同意见的批评者进行讨论，总之，文学史的力量是强大的，它像一道堤坝一样阻挡着文学批评的潮水一次又一次的冲击，并在这种冲击中发生着渐进性的变化，但文学史永远只是一个粗略的框架，不可能穷尽对所有作家和所有文学作品的认识；它是被文学史家精心挑选和组织起来的文学知识和思想，而不是这个学科的文学知识和思想的全部，更不是这个学科研究活动的终结形式。以文学史框架为参考，展开更广泛细致的阐释、分析、讨论和研究，就成了这个学科研究的主体内容，而这些都是在文学批评的范围内进行的，文学史就建立在此文学批评活动的基础之上，没有文学批评的繁荣发展，任何一部文学史都无法独立地支撑起自己。文学批评不能以文学史框架的要求为当然标准，而要以批评者自己的真实感受和理解为基础。只有这样，才能实际地、深入地进入到文学世界，将其中更丰富、更具体、更隐蔽的价值和意义充分发掘出来，争取别人的理解和同情，从而给文学史的写作不断注入新血液。\n（摘编自王富仁《文学史与文学批评》）\n1. 下列关于原文内容的理解和分析，不正确的一项是（   ）\nA. 文学史框架以相对确定的价值体系为基础，代表一定时期内文学批评的共同标准。\nB. 文学史教材的出现，标志着文学研究者对文学史框架的合理性有了一致的认识。\nC. 文学批评可能不断对已有的文学史形成冲击，从而促使文学史发生渐进性变化。\nD. 文学批评的出发点是批评者自己对文学的真实感受和理解，而不是文学史的结论。\n2. 下列对原文论证的相关分析，不正确的一项是（   ）\nA. 文章采用“两条腿”走路的比喻，形象地论证了文学史和文学批评的相互关系。\nB. 文章提及杜甫诗，说明对文学史上得到充分论述的作品，人们的认识有稳定性。\nC. 文章在分析了文学批评的性质之后，又进一步指出了文学批评者应具有的态度。\nD. 文章在情感态度上表现出倾向性，在文学史与文学批评二者之间更青睐文学史。\n3. 根据原文内容，下列说法正确的一项是（   ）\nA. 文学史与文学批评的研究方式有较大差异，文学史编写者应避免介入文学批评。\nB. 因为文学史无法穷尽对作家和作品的认识，所以拾遗补缺才是文学批评的任务。\nC. 没有广泛细致的文学批评，文学史就失去了基础，文学研究活力也会受到影响。\nD. 随着社会的发展和文学研究的深入，否定并取代前人撰写的文学史是有必要的。",
            "answer": [
                "B",
                "D",
                "C"
            ],
            "analysis": "【1题详解】本题考查学生理解和分析材料内容的能力。B.“文学史教材的出现”“对文学史框架的合理性”错误，原文的表述是“有了相对固定的文学史框架，说明研究者已经对其中一系列主要问题有了相对集中的认识，至少那些文学史的编写者承认这个框架是合理的”，可见应是“相对固定的文学史框架”的出现标志着“研究者已经对其中一系列主要问题有了相对集中的认识”，且“对文学史框架的合理性有了一致的认识”的是“那些文学史的编写者”。故选B。\n【2题详解】本题考查学生分析材料的论点、论据及论证方法的能力。D.“在情感态度上表现出倾向性”“更青睐文学史”错误，材料分析了文学史和文学批评，指出了它们的不同和联系，但并未在情感态度上表现出倾向性。故选D。\n【3题详解】本题考查学生分析和概括材料内容及观点的内容。A.“文学史编写者应避免介入文学批评”错误，原文的表述是“现行文学史的编写者和同意现行文学史观点的研究者同样会以个人身份参加到文学研究的行列之中，以平等的姿态与持有不同意见的批评者进行讨论”。B.“所以拾遗补缺才是文学批评的任务”错误，依据原文“以文学史框架为参考，展开更广泛细致的阐释、分析、讨论和研究，就成了这个学科研究的主体内容，而这些都是在文学批评的范围内进行的”可知，文学批评是对作家、文学作品展开的“更广泛细致的阐释、分析、讨论和研究”，而不是“拾遗补缺”。D.“否定并取代前人撰写的文学史是有必要的”错误，原文的观点是“对现行文学史有局部的充实和微调的作用”“给文学史的写作不断注入新血液”，而不是“否定并取代前人撰写的文学史”。故选C。",
            "index": 1,
            "score": 3
        },
        {
            "year": "2023",
            "category": "新课标全国Ⅰ卷",
            "question": "阅读下面的文字，完成下面小题。\n对素食者和肠胃疾病患者来说，藜麦的发现是一个奇迹。藜麦不含麸质，富含镁和铁，比其他种子含有更多的蛋白质，包括人体无法独自生成的必需的氨基酸。美国宇航局宣布，藜麦是地球上营养最均衡的食物之一，是宇航员的理想之选。产于安第斯山的藜麦有一个令西方消费者神往的传说：印加人非常重视藜麦，认为它是神圣的，并且称之为“万谷之母”。不过，藜麦的爱好者却通过媒体发现了一个令人不安的事实。从2006年到2013年，玻利维亚和秘鲁的藜麦价格上涨了两倍。2011年，《独立报》称，玻利维亚的藜麦消费量“5年间下降了34％，当地家庭已经吃不起这种主食了，它已经变成了奢侈品”。《纽约时报》援引研究报告称，藜麦种植区的儿童营养不良率正在上升。2013年，《卫报》用煽动性标题提升了人们对这个问题的关注度：“素食者的肚子能装下藜麦令人反胃的事实吗？”该报称，贫穷的玻利维亚人和秘鲁人正在食用更加便宜的“进口垃圾食品”。《独立报》2013年一篇报道的标题是“藜麦：对你有利--对玻利维亚人有害”。这些消息传遍了全球，在健康饮食者之中引发了一场良心危机。在社交媒体、素食博客和健康饮食论坛上，人们开始询问食用藜麦是否合适。\n这种说法看似可信，被许多人认可，但是经济学家马克·贝勒马尔等人对此则持保留意见。毕竟，藜麦贸易使大量外国资金涌入玻利维亚和秘鲁，其中许多资金进入了南美最贫穷的地区。几位经济学家跟踪了秘鲁家庭支出的调查数据，将种植且食用藜麦的家庭、食用但不种植藜麦的家庭和从不接触藜麦的家庭划分为三个小组。他们发现，从2004年到2013年，三个小组的生活水平都上升了，其中藜麦种植户家庭支出的增长速度是最快的。农民们正在变富，他们将这种新收入转化为支出又给周边民众带来了好处。那么藜麦消费量下降34％又是怎么回事呢？原来，在很长的时间内两个国家的藜麦消费量一直在缓慢而稳定地下降，这意味着消费量的下降和价格的激增不存在明显的联系。更加接近事实的解释是，秘鲁人和玻利维亚人只是想换换口味，吃点别的东西。\n 为了解藜麦的种植情况，我去了秘鲁科尔卡山谷，这里在印加时代以前就得到了开垦。藜麦是一种美丽的作物，拥有深红色或金黄色的巨大种球。在安第斯山的这片区域，人们在梯田上同时种植藜麦以及当地特有的玉米和马铃薯品种。“国外需求绝对是一件好事，”我的秘鲁向导杰西卡说道，“农民非常高兴，所有想吃藜麦的人仍然买得起这种食物。”她还解释了另一个好处。之前，秘鲁城里人往往认为他们这片区域吃藜麦的人“很土”。现在，由于美国人和欧洲人的重视，食用藜麦被视作一种时尚。“利马人终于开始尊重我们这些高原人和我们的传统了。”玻利维亚西南部有一片遥远而不适合居住的区域，那里到处都是盐湖和休眠火山。在那里，我看到了由藜麦资金支持的当地急需的开发和旅游项目。千百年来勉强能够养家糊口的自耕农开始为更加美好的未来而投资。我在2017年4月听到的玻利维亚人对于该作物的唯一抱怨是，日益增长的供给正在拉低价格。玻利维亚的藜麦种植面积增长了两倍多，从2007年的5万公顷增长到2016年的18万公项。马克·贝勒马尔后来对我说：“这是一个令人悲伤的结局，因为它的价格不太可能再度回升。”在风景如画的科尔卡山谷，当太阳落山时，我问杰西卡，欧洲和北美的消费者是否应该为吃掉秘鲁人和玻利维亚人的食物而感到内疚。我可以猜到答案，但我想听到当地人的亲口否认。“相信我，”杰西卡笑道，“我们有许多藜麦。”乍一看，这一关于食物热潮、全球贸易和消费者忧虑的事件讲述了谎言被揭穿的过程。不过，这些受到错误解读的真相可能会对当地的人们造成真正的伤害。各行各业有经验的沟通者会通过片面的事实、数字、背景呈现某种世界观，从而影响现实。在这个例子中，新闻工作者和博主出于高尚的理由引导消费者远离藜麦：他们由衷地为一个贫困群体感到担忧，害怕狂暴的全球贸易风潮会危及这一群体的利益。我们很早就知道这一点：每个新手辩论者和犯错误的小学生都知道如何挑选最有利于自己的真相。不过，我们可能不知道这些真相为沟通者提供了多大的灵活性。很多时候，你可以通过许多方式描述一个人、一件事物或者一起事件，这些描述可能具有同等的真实性。我将它们称为“竞争性真相”。\n（摘编自赫克托·麦克唐纳《后真相时代》，刘清山译）\n1. 下列对原文相关内容的理解和分析，不正确的一项是（   ）\nA. 藜麦适合素食者和肠胃疾病患者食用，并且由于其营养均衡，被美国宇航局认为是宇航员食物的理想之选。\nB. “马克·贝勒马尔等人对此则持保留意见”中的“此”，指的是被国外需求推高的藜麦价格给玻利维亚和秘鲁当地人造成伤害这一说法。\nC. 藜麦的大面积种植，不仅让玻利维亚和秘鲁等地农民的生活水平显著提高，而且改变了当地人对藜麦带有歧视的看法。\nD. 作者认为，尽管一些媒体引导消费者远离藜麦的做法值得商榷，但是其出发点却不是恶意的，他们为当地的贫困居民感到担忧。\n2. 根据原文内容，下列说法不正确的一项是（   ）\nA. 从第一段的内容可以看出，当一起事件超出了我们直接观察的范围时，有些人会根据他人提供的信息，并结合自己的判断，生成对该事件的看法。\nB. “它的价格不太可能再度回升”，可能是因为市场对藜麦的需求量不再大幅增加，而藜麦的种植面积持续扩大，供给日益增长。\nC. “每个新手辩论者”“都知道如何挑选最有利于自己的真相”，可见有些“沟通者”会选择有助于推进个人意图的真相，而这种选择具有一定的灵活性。\nD. 从藜麦事件可以发现，一组片面的事实编织在一起引发了一场良心危机，而这场良心危机对玻利维亚和秘鲁当地的居民造成了真正的伤害。\n3. 下列选项，最适合作为论据来支撑第二段观点的一项是（   ）\nA. “粮食优先”智库的工作人员塔尼娅·科森在谈到安第斯山藜麦种植者时表示：“坦率地说，他们厌倦了藜麦，因此开始购买其他食物。”\nB. 加拿大《环球邮报》一则新闻的标题为“你对藜麦的爱越深，你对玻利维亚人和秘鲁人的伤害就越深”。\nC. 制片人迈克尔·威尔科克斯专门为这个问题制作了一部纪录片，他说：“我见过一些反对食用藜麦的文字评论，实际上，停止消费才会真正伤害这些农民。”\nD. 英国广播公司播音员埃文·戴维斯指出：“事实上，说谎常常是没有必要的。你可以在不使用任何谎言的情况下完成许多有效的欺骗。”",
            "answer": [
                "C",
                "D",
                "A"
            ],
            "analysis": "【1题详解】本题考查学生筛选并辨析信息的能力。C.“当地人对藜麦带有歧视的看法”错，原文“之前，秘鲁城里人往往认为他们这片区域吃藜麦的人‘很土’。现在，由于美国人和欧洲人的重视，食用藜麦被视作一种时尚”，可见是美国人和欧洲人的重视改变了当地人对藜麦带有歧视的看法。故选C。\n【2题详解】本题考查学生筛选并辨析信息的能力。D.“对玻利维亚和秘鲁当地的居民造成了真正的伤害”错，原文“不过，这些受到错误解读的真相可能会对当地的人们造成真正的伤害”，可见是“可能”会当地的人们造成真正的伤害，选项犯了或然变必然的错误。故选D。\n【3题详解】本题考查学生分析论点、论据和论证方法 能力。第二段观点是：消费量的下降和价格的激增不存在明显的联系。A.表明是安第斯山藜麦种植者想吃点别的东西导致藜麦消费量的下降，而不是藜麦价格的上涨，直接支撑了第二段的观点。B.说的是藜麦价格的上涨会对当地人造成伤害。与第二段的观点相悖。C.说的是“停止消费才会真正伤害这些农民”，可以用来支撑第三段的观点，与第二段的观点关联不大。D.可以用来支撑“竞争性真相”的相关观点。与第二段的观点无关。故选A。",
            "index": 2,
            "score": 3
        },
        {
            "year": "2023",
            "category": "新课标全国Ⅱ卷",
            "question": "阅读下面的文字，完成下面小题。\n材料一：\n搞好调查研究，一定要从群众中来、到群众中去，广泛听取群众意见。人民群众的社会实践，是获得正确认识的源泉，也是检验和深化我们认识的根本所在。调查研究成果的质量如何，形成的意见正确与否，最终都要由人民群众的实践来检验。毛泽东同志1930年在寻乌县调查时，直接与各界群众开调查会，掌握了大量第一手材料，诸如该县各类物产的产量、价格，县城各业人员数量、比例，各商铺经营品种、收入，各地农民分了多少土地、收入怎样，各类人群的政治态度，等等，都弄得一清二楚。这种深入、唯实的作风值得我们学习。领导干部进行调查研究，要放下架子、扑下身子，深入田间地头和厂矿车间，同群众一起讨论问题，倾听他们的呼声，体察他们的情绪，感受他们的疾苦，总结他们的经验，吸取他们的智慧。既要听群众的顺耳话，也要听群众的逆耳言；既要让群众反映情况，也要请群众提出意见。尤其对群众最盼、最急、最忧、最怨的问题更要主动调研，抓住不放。这样才能真正听到实话、察到实情、获得真知、收到实效。\n调查研究必须坚持实事求是的原则，树立求真务实的作风，具有追求真理、修正错误的勇气。现在有的干部善于察言观色，准备了几个口袋，揣摩上面或领导的意图来提供材料。很显然，这样的调查是看不到实情、得不到真知、做不出正确结论的。调查研究一定要从客观实际出发，不能带着事先定的调子下去，而要坚持结论产生在调查研究之后，建立在科学论证的基础上。对调查了解到的真实情况和各种问题，要坚持有一是一、有二是二，既报喜又报忧，不唯书、不唯上、只唯实。\n（摘自习近平《谈谈调查研究》）\n材料二：\n社会科学并不拥有像自然科学一模一样的实验室，那是没有人能否认的。但是，如果说社会科学研究者并不能控制他所要观察的现象，那也并不完全正确。其实不过是控制的技术问题，而不是能不能控制的问题。\n在物理实验里用斜面滚球来实验引力，斜板这实验因子并不影响所要观察的引力现象，因为实验者在计算球动的速率中会考虑到这斜板的因子——换一句话，所谓实验并不是孤立现象，而是把所有发生作用的因子都加以充分考虑的意思。\n观察社会现象时，如果我们能确知观察情境中各种因子对于被观察现象所起的作用，我们同样可以达到自然科学的实验中所具备的条件。在技术上，观察社会现象比观察自然现象更为困难。社会现象并不限于人的动作，而且包括人的动机；动机又受着人所接受的那一套认为应当如是的规律支配，这套规律是社会所共有的，而且是在时间里累积下来的——这是人的生活适用于他所处的具体环境的方法，是在人和物的接触中，在动作里，给人的满足与否的结果里，选择和淘汰出来的，而且也永远在变动之中——在这里我们可以见到社会现象有着不能分的两部分：一部分我们可以在体外看得到的，另一部分，在体外是看不到的。这第二部分必须由经验者本人用语言表达出来，才能使旁观的人明白。观察社会现象的困难常发生在第二部分。\n谈到这里，我愿意提出最重要的问题来了。那就是社会现象的研究工作中观察者必须和被观察者取得充分合作。合作还不够，必须不分观察者和被观察者而大家一同来分析大家的经验。\n我在上边已说到科学的观察必须充分确认现象发生的情境，考虑到一切会影响现象的因子。这是实验的真正意义。观察社会现象时，因为语言材料的重要，最容易影响叙述现象正确性的是调查者和所要观察的现象的人事关系。有些不肯正视这关系的学者，只提出一个“客观”的空洞概念。但是“客观”是什么意思呢？是指对观察的现象没有兴趣，或是没有关系么？这是不可能的。\n一个人去观察一个现象必然是有兴趣的。你自己可以不问这问题，可是被观察的人是不会不问这问题的。你不能不和这些人接触，谈话，问问题。这些人必然要问：“这人为什么要来问我们呢？”——这问题问得对的，因为一切调查的结果必然会影响到被调查者的生活的，不论是好是坏。你说“客观”，人家不能承认，而且人家是对的，因为实际受到影响的是他们，他们不能不防。于是调查者逢着“秘密”和“撒谎”了。其实被调查者的“秘密”和“撒谎”是调查者的“秘密”和“撒谎”的反映。人事很像镜子，你对别人的态度反射成了别人对你的态度。\n科学的社会研究第一是要认清自己的立场和目的。如果你是想去“敲诈”被调查的人，那么你绝不会得到可靠的材料。天下没有不知道自卫的人，社会科学绝不能从“斗智”的方法上得来。换一句话说，社会研究必须站在被调查者的利益上，你如果要研究乡村，你必须同情农民，为他们服务，你的研究结果必须是有利于农民的，不但你存心是如此，而且你要用事实来证明，使农民相信你。正像一个医生对一个病人，病人没有理由去欺骗医生，正因为欺骗的结果是自己受害。\n一个研究的人是站在“不知”的地位，被问的是站在“已知”的地位。前者对后者是“学习”而不是“拷问”，态度上应当是“尊重对方”“执疑待决”，这种态度必然会得到对方的尊重和友谊，因而乐于帮助你。\n（摘编自费孝通《亦谈社会调查》）\n1. 下列对材料相关内容的理解和分析，正确的一项是（   ）\nA. 材料一和材料二都谈到社会调查要广泛听取群众的意见，并特别提到要深入了解农民，二者有相同的出发点和针对性。\nB. 材料一以毛泽东在寻乌县的调查为例，论述调查要深入、唯实，这与毛泽东本人在《调查的技术》中的倡导也是一致的。\nC. 材料二指出，社会科学虽不能像自然科学那样通过实验展开研究，但倘若方法得当，观察社会现象时也能获得良好的效果。\nD. 材料二认为，社会研究者只有像医生对待病人那样关心被调查者，才不会“逢着”被调查者的“秘密”和“撒谎”。\n2. 根据材料二的内容，下列说法不正确的一项是（   ）\nA. 人的外在行为与内在动机可能并不一致，这给社会科学研究者的观察带来挑战。\nB. 一些无法看到的现象需要通过经验者的语言来表达，这可佐证语言材料的重要。\nC. 如果调查者询问的问题也正是被调查者所关心的，被调查者就不会有防备心理。\nD. 即便调查者出于友善的目的展开调查，调查的结果也会影响到被调查者的生活。\n3. 下列对材料一和材料二论证的相关分析，不正确的一项是（   ）\nA. 材料一从调查研究工作需要坚持群众路线、坚持实事求是原则两方面展开论述。\nB. 材料二第三段，主要论证人的动机受社会共有规律的支配且处于不断的变化中。\nC. 材料一运用排比，既突出社会调查需广泛深入、求真务实，也增强了论证气势。\nD. 材料二层层递进，采用发现问题、提出问题、分析问题、解决问题的论证结构。",
            "answer": [
                "B",
                "C",
                "B"
            ],
            "analysis": "【1题详解】本题考查学生理解和分析文章内容的能力。A.“二者有相同的出发点和针对性”错误。材料一引用毛泽东了解农民的情况针对的是“搞好调查研究，一定要从群众中来、到群众中去，广泛听取群众意见”；材料二提到要了解农民针对的是“科学的社会研究第一是要认清自己的立场和目的”“社会研究必须站在被调查者的利益上”。C.“社会科学虽不能像自然科学那样通过实验展开研究”错误。结合“社会科学并不拥有像自然科学一模一样的实验室，那是没有人能否认的”分析可知，社会科学只是没有“一模一样的实验室”，并不能说不能通过实验展开研究。D.“才不会‘逢着’被调查者的‘秘密’和‘撒谎’”错误。结合材料二“正像一个医生对一个病人，病人没有理由去欺骗医生，正因为欺骗的结果是自己受害”分析可知，这只是论证调查者不能欺骗被调查者；结合“科学的社会研究第一是要认清自己的立场和目的”“社会研究必须站在被调查者的利益上”分析可知，要想不会“逢着”被调查者的“秘密”和“撒谎”还有其他方面要做，比如解决“立场”、明确“目的”等，不仅靠“不欺骗”。故选B。\n【2题详解】本题考查学生根据文本内容进行判断的能力。C.“被调查者就不会有防备心理”错误。结合“因为一切调查的结果必然会影响到被调查者的生活的，不论是好是坏。你说‘客观’，人家不能承认，而且人家是对的，因为实际受到影响的是他们，他们不能不防”分析可知，被调查者“防备”是因为“一切调查的结果必然会影响到被调查者的生活的，不论是好是坏”，因此“调查者询问的问题也正是被调查者所关心的”消除不了他们的防备心理。故选C。\n【3题详解】本题考查学生分析论点、论据和论证方法的能力。B.“主要论证人的动机受社会共有规律的支配且处于不断的变化中”错误。结合“观察社会现象时，如果我们能确知观察情境中各种因子对于被观察现象所起的作用，我们同样可以达到自然科学的实验中所具备的条件”分析可知，材料二第三段，主要论证的是“观察情境中各种因子对于被观察现象所起的作用”。故选B。",
            "index": 3,
            "score": 3
        }
    ]
}