{
    "keywords": "2023_English_Fill_in_Blanks",
    "example": [
        {
            "year": "2023",
            "category": "全国甲卷",
            "question": "阅读下面短文，从短文后各题所给的A、B、C和D四个选项中, 选出可以填入空白处的最佳选项。\nMany years ago, I bought a house in the Garfagnana, where we still go every summer. The first time we ___41___ there, we heard the chug chug-chug of a motorbike ___42___ its way down the hill toward us. It was ___43___ called Mario, coming to ___44___ us a box containing some tomatoes and a bottle of wine. It was a very nice ___45___ for him to make. But when we looked at the tomatoes, we were ___46___ because they were so misshapen: not at all like the nice, round, ___47___ things you get in a supermarket. And the wine was cloudy, in a funny old bottle with no label (标签) on it. These can’t be any ___48___, we thought. But we were ___49___ his kindness, so we ___50___ them.\nWhat we discovered is that it’s ___51___ to judge what you eat only by its ___52___. Those tomatoes had ___53___ that reminded me of the ones my uncle used to grow when I was a child. Nowadays supermarket tomatoes ___54___ perfect but taste of water. Nobody’s going to have a ___55___ memory of those. It’s a surprise they haven’t managed to grow square ones so that they can ___56___ them easily. Mario’s wine may have been cloudy and come out of an old bottle, but it was ___57___.\nIt’s good to eat things at the correct time, when they’re ___58___, and as close as possible to where they were ___59___. What Mario had ___60___ us was the taste of the Garfagnana.41. A. waited  B. met C. camped D. stayed\n42. A. making B. searching C. squeezing D. feeling\n43. A. customer B. neighbor C. relative D. passenger\n44. A. lend B. send C. bring D. show\n45. A. choice B. comment C. promise D. gesture\n46. A. worried B. moved C. thrilled D. bored\n47. A. simple B. real C. shiny D. fun\n48. A. more B. good C. new D. easy\n49. A. sympathetic to B. thankful for C. cautious about D. interested in\n50. A. tried B. sold C. returned D. mixed\n51. A. unnecessary B. uncertain C. unwise D. unusual\n52. A. appearance B. quality C. origin D. price\n53. A. size B. shape C. color D. taste\n54. A. smell B. look C. become D. work\n55. A. happy B. vivid C. short D. vague\n56. A. clean B. check C. count D. pack\n57. A. perfect B. useful C. convenient D. familiar\n58. A. on view B. on sale C. in season D. in need\n59. A. finished B. stored C. found D. grown\n60. A. cooked B. given C. bought D. told",
            "answer": [
                "D",
                "A",
                "B",
                "C",
                "D",
                "A",
                "C",
                "B",
                "B",
                "A",
                "C",
                "A",
                "D",
                "B",
                "A",
                "D",
                "A",
                "C",
                "D",
                "B"
            ],
            "analysis": "【41题详解】考查动词词义辨析。句意：我们第一次住在那里的时候，我们听到了一辆摩托车从山上向我们开过来的嘎吱嘎吱的声音。A. waited等待；B. met遇见；C. camped露营；D. stayed暂住。根据前文“Many years ago, I bought a house in the Garfagnana, where we still go every summer.”可知，作者在当地买了房子，所以是第一次住在那里。故选D项。【42题详解】考查动词词义辨析。句意：我们第一次住在那里的时候，我们听到了一辆摩托车从山上向我们开过来的嘎吱嘎吱的声音。A. making使；让；B. searching搜索；C. squeezing挤压；D. feeling感觉。根据后文“coming to    4    us a box containing some tormatoes and a bottle of wine.”可知，摩托车是开过来给我们送东西的，所以make one’s way复合语境，为固定搭配，意为“前往”。故选A项。【43题详解】考查名词词义辨析。句意：那是邻居马里奥，他给我们带来了一个盒子，里面装着一些西红柿和一瓶酒。A. customer顾客；B. neighbor邻居；C. relative亲戚；D. passenger乘客。根据前文“we heard the chug chug-chug of a motorbike   2   its way down the hill toward us.”以及最后一句“What Mario had   20   us was the taste of the Garfagnana”可知，马里奥是从山上下来的，送来了当地的食物，可推测是作者的邻居。故选B项。【44题详解】考查动词词义辨析。句意：那是邻居马里奥，他给我们带来了一个盒子，里面装着一些西红柿和一瓶酒。A. lend借出；B. send发送；C. bring带来；D. show展示。根据后文“It was a very nice    5    for him to make.”可知，马里奥很友好，所以是给作者一家带来一个盒子。故选C项。【45题详解】考查名词词义辨析。句意：他这么做真是太好了。A. choice选择；B. comment议论；C. promise诺言；D. gesture姿态。根据前文“coming to    4    us a box containing some tormatoes and a bottle of wine.”可知，马里奥给作者一家带来一盒子的西红柿和酒，所以是好的姿态。故选D项。【46题详解】考查形容词词义辨析。句意：但当我们看着那些西红柿时，我们是担心的，因为它们是非常畸形的：一点也不像你在超市里买到的那种漂亮的、圆的、闪亮的样子。A. worried担心的；B. moved感动的；C. thrilled兴奋的；D. bored感到厌倦的。根据后文“because they were so misshapen”可知，西红柿是畸形的，所以作者一家很担心是否能吃。故选A项。【47题详解】考查形容词词义辨析。句意：但当我们看着那些西红柿时，我们是担心的，因为它们是非常畸形的：一点也不像你在超市里买到的那种漂亮的、圆的、闪亮的样子。A. simple简单的；B. real真实的；C. shiny闪亮的；D. fun有趣的。根据前文“not at all like the nice, round”可知，空处是在形容超市里的西红柿，和前文的“nice, round”并列，结合选项，应是“shiny闪亮的”符合实际。故选C项。【48题详解】考查形容词词义辨析。句意：我们想，这些肯定不好。A. more更多的；B. good好的；C. new新的；D. easy容易的。根据前文“But when we looked at the tomatoes, we were   6     because they were so misshapen: not at all like the nice, round,   7     things you get in a supermarket. And the wine was cloudy, in a funny old bottle with no label (标签) on it.”可知，马里奥带来的西红柿和酒都不好，因此作者一家认为这些都不可能好。故选B项。【49题详解】考查形容词短语辨析。句意：但我们很感谢他的好意，所以我们试了试。A. sympathetic to同情；B. thankful for对……表示感谢；C. cautious about谨慎对待；D. interested in对……感兴趣。根据前文“It was    3    called Mario, coming to    4    us a box containing some tomatoes and a bottle of wine.”可知，西红柿和酒是邻居送的，所以应该是很感谢他。故选B项。【50题详解】考查动词词义辨析。句意：但我们很感谢他的好意，所以我们试了试。A. tried尝试；B. sold出售；C. returned回来；D. mixed混合。根据后文“Those tomatoes had    13    that reminded me of the ones my uncle used to grow when I was a child.”可知，马里奥送的西红柿让作者想起了小时候叔叔种的西红柿，所以推知，他们是尝试了。故选A项。【51题详解】考查形容词词义辨析。句意：我们发现，仅仅以外表来判断你吃的东西是否好吃是不明智的。A. unnecessary不需要的；B. uncertain无把握；C. unwise不明智的；D. unusual特别的。结合前后文，可知，作者一家刚开始看到马里奥送的西红柿是畸形的，对其感到担心，但是后来发现，它的味道，比超市的西红柿要好，所以此处应是根据外观来判断你吃的东西是不明智的。故选C项。【52题详解】考查名词词义辨析。句意：我们发现，仅仅以外表来判断你的吃的东西是否好吃是不明智的。A. appearance外观；B. quality质量；C. origin源头；D. price价格。根据前文“we were    6    because they were so misshapen”可知，此处应是通过外观来评判。故选A项。【53题详解】考查名词词义辨析。句意：那些西红柿的味道让我想起了我小时候叔叔种的西红柿。A. size尺寸；B. shape形状；C. color颜色；D. taste味道。根据后文“Nowadays supermarket tomatoes    14    perfect but taste of water.”可知，此处应是用马里奥送的西红柿和超市的西红柿作对比，马里奥送的西红柿外观差，但是味道好，让作者想起了小时候叔叔种的西红柿。故选D项。【54题详解】考查动词词义辨析。句意：现在超市里的西红柿看起来很好，但味道像水。A. smell闻起来；B. look看起来；C. become变成；D. work工作。根据前文“not at all like the nice, round,    7    things you get in a supermarket.”可知，超市的西红柿看起来很完美。故选B项。【55题详解】考查形容词词义辨析。句意：没有人会对那些有快乐的记忆。A. happy快乐的；B. vivid清晰的；C. short短的；D. vague模糊的。根据前文“Nowadays supermarket tomatoes    14    perfect but taste of water.”可知，超市的西红柿，看起来很好，但是吃起来像水，因此没有将会有快乐的记忆。故选A项。【56题详解】考查动词词义辨析。句意：令人惊讶的是，他们没有设法种植方形的，这样他们就可以方便地包装它们。A. clean打扫；B. check检查；C. count计数；D. pack打包。根据前文“It’s a surprise they haven’t managed to grow square ones”结合实际，可知方形的易包装。故选D项。【57题详解】考查形容词词义辨析。句意：马里奥的酒可能是混浊的，而且是从一个旧瓶子里出来的，但它是完美的。A. perfect完美的；B. useful有用的；C. convenient便利的；D. familiar熟悉的。根据前文“Mario’s wine may have been cloudy and come out of an old bottle”以及空前的but可知，此处表转折，结合选项，此处应是“马里奥的酒可能是混浊的，而且是从一个旧瓶子里出来的，但它是完美的”之意，符合实际。故选A项。【58题详解】考查介词短语辨析。句意：在合适的时间，当它们是应季的时候，并且尽可能靠近它们生长的地方，吃东西是好的。A. on view在展出；B. on sale出售；C. in season当令的；D. in need困难中的。根据前文“It’s good to eat things at the correct time”可知，在合适的时间，也就是食物应季，当令的时候吃该食物口感是最好的。故选C项。【59题详解】考查动词词义辨析。句意：在合适的时间，当它们是应季的时候，尽可能靠近它们生长的地方，吃东西是好的。A. finished完成；B. stored贮存；C. found找到；D. grown成长。根据前文“It’s good to eat things”以及“as close as possible to where”可知，此处在讲在合适的时间吃东西是好的，根据where推断涉及地点，结合实际，应是在靠近它们生长的地方，摘下来吃，能保持新鲜，是好的，符合题意。故选D项。【60题详解】考查动词词义辨析。句意：马里奥给我们的是Garfagnana的味道。A. cooked烹饪；B. given给；C. bought买；D. told告诉。根据前文“It was    3    called Mario, coming to    4    us a box containing some tormatoes and a bottle of wine.”可知，应该是马里奥给作者一家的。故选B项。",
            "index": 0,
            "score": 1.5
        },
        {
            "year": "2023",
            "category": "全国乙卷",
            "question": "阅读下面短文，从短文后各题所给的A、B、C和D四个选项中，选出可以填入空白处的最佳选项。\nTo become the Olympic champion in the individual (个人) all-around event, Gabby Douglas had to leave everything she ____41____ best. She had to ___42___  her bedroom in Virginia. She had to say ____43____ to her two dogs and to the beach, where she loved to ____44____ waves on her board. But it was ____45____ to take the leap (飞跃), however ____46____ it would be. Even at 14, Douglas knew that. So she ____47____ about 1,200 miles away from home, to ____48____ with a coach from China. She lived with a family she had never ____49____ and everything was new to her.\nAs it turned out, Douglas did ____50____ what she needed to do to become Olympic champion when she ____51____two Russians. The Chinese coach ____52____ Douglas into one of the best gymnasts in the ____53____, helping her skyrocket from an ____54____ member of the national team to the top of the sport. By ____55____ the Olympic all-around title, she became the first black woman to do so. She ____56____ the competition from beginning to end. She said she had felt ____57____ all along that she would win.\nNot so long ago, Martha Karoly the coordinator (联络人) of the women’s national team, did not think Douglas had what it ____58____ to be an Olympian. As time went by, she thought ____59____ that she could make the London Games — and win.\n“I’m going to inspire so many people,” she said. “I’m ready to ____60____.” And shine she did.\n41. A. tried\tB. thought\tC. judged\tD. knew\n42. A. take up\tB. pack up\tC. clean up\tD. do up\n43. A. goodbye\tB. hello\tC. thanks\tD. no\n44. A. cause\tB. observe\tC. ride\tD. strike\n45. A. common\tB. time\tC. fun\tD. tough\n46. A. breathtaking\tB. heartbreaking\tC. eye-catching\tD. head-spinning\n47. A. dropped out\tB. moved on\tC. pulled over\tD. went off\n48. A. reason\tB. talk\tC. compete\tD. train\n49. A. met\tB. helped\tC. understood\tD. needed\n50. A. approximately\tB. gradually\tC. exactly\tD. possibly\n51. A. defeated\tB. pleased\tC. respected\tD. assisted\n52. A. forced\tB. transformed\tC. persuaded\tD. put\n53. A. world\tB. city\tC. team\tD. state\n54. A. amateur\tB. elected\tC. average\tD. enthusiastic\n55. A. clarifying\tB. defending\tC. winning\tD. demanding\n56. A. followed\tB. organized\tC. watched\tD. led\n57. A. confident\tB. nervous\tC. excited\tD. uneasy\n58. A. viewed\tB. appeared\tC. mattered\tD. took\n59. A. now and then\tB. more and more\tC. far and wide\tD. on and on\n60. A. shine\tB. fly\tC. dance\tD. score",
            "answer": [
                "D",
                "B",
                "A",
                "C",
                "B",
                "B",
                "D",
                "D",
                "A",
                "C",
                "A",
                "B",
                "A",
                "C",
                "C",
                "D",
                "A",
                "D",
                "B",
                "A"
            ],
            "analysis": "【41题详解】\n考查动词词义辨析。句意： 为了成为个人全能项目的奥运冠军，Gabby Douglas不得不放弃她最熟悉的一切。A. tried尝试；B. thought思考；C. judged判断；D. knew知道、熟悉。由上文“To become the Olympic champion in the individual (个人) all-around event, Gabby Douglas had to leave everything”和下文“1,200 miles away from home”可知，为了成为个人全能项目的奥运冠军，Gabby Douglas放弃她最熟悉的一切，来到一个陌生的地方，故选D。\n【42题详解】\n考查动词短语辨析。句意：她不得不整理好她在弗吉尼亚的卧室。A. take up从事；B. pack up整理、收拾行李；C. clean up清理；D. do up装修。由上文“Gabby Douglas had to leave everything”和下文“her bedroom in Virginia”可知，整理好她的卧室，准备离开这里，故选B。\n【43题详解】\n考查名词词义辨析。句意：她不得不和她的两只狗以及她喜欢在冲浪板上冲浪的海说再见。A. goodbye再见；B. hello你好；C. thanks感谢；D. no没有、否定的回答。由上“Gabby Douglas had to leave everything”可知，Gabby Douglas要离开自己的家，所以与家里的狗说再见，故选A。\n【44题详解】\n考查动词词义辨析。句意：她不得不和她的两只狗以及她喜欢在冲浪板上冲浪的海滩说再见。A. cause引起；B. observe观察；C. ride骑、漂浮；D. strike打击。由下文“waves on her board.”可知，此处表示冲浪，ride the waves意为“冲浪”，故选C。\n【45题详解】\n考查名词词义辨析。句意：但是，是时候迈出这一步了，无论这将是多么令人心碎。A. common平民、普通；B. time时间；C. fun乐趣；D. tough暴徒。由下文“to take the leap (飞跃)”可知，虽然离开自己所熟悉的一切很难，但是是时候该迈出这一步了，故选B。\n【46题详解】\n考查形容词词义辨析。句意：但是，是时候迈出这一步了，无论这将多么令人心碎。A. breathtaking激动人心的；B. heartbreaking令人心碎的、令人伤心的；C. eye-catching引人注目的；D. head-spinning头晕的。上文提到的Gabby Douglas不得不放弃她最熟悉的一切可知，放弃自己所熟悉的一切是令人伤心，故选B。\n【47题详解】\n考查动词短语辨析。句意：所以她离家1200英里，和一个来自中国的教练一起训练。A. dropped out退出；B. moved on继续；C. pulled over靠边停车；D. went off离开。由下文“about 1,200 miles away from home,”可知，Gabby Douglas到了一个离家1200英里的地方，故选D。\n【48题详解】\n考查动词词义辨析。句意：所以她离家1200英里，和一位来自中国的教练一起训练。A. reason推理；B. talk谈话；C. compete竞争；D. train培训。由上文“To become the Olympic champion in the individual (个人) all-around event”和下文“with a coach from China”可知，为了成为个人全能项目的奥运冠军，Gabby Douglas离开家，由此可知，她来到这里是为了和一位来自中国的教练一起训练，故选D。\n【49题详解】\n考查动词词义辨析。句意：她和一个素未谋面的家庭住在一起，一切对她来说都是全新的。A. met遇到、见过；B. helped帮助；C. understood理解；D. needed需要。由下文“everything was new to her.”可知，一切对她来说都是全新的，所以此处指她和一个素未谋面的家庭住在一起，故选A。\n【50题详解】\n考查副词词义辨析。句意： 事实证明，Douglas击败了两名俄罗斯选手，完全完成了她成为奥运冠军所需要做的一切。A. approximately大约；B.gradually逐渐地；C. exactly准确地、完全；D. possibly可能地。由下文“the Olympic all-around title, she became the first black woman to do so”可知，Gabby Douglas获得了奥运会全能冠军，由此可知，Gabby Douglas完全完成了她成为奥运冠军所需要做的一切，故选C。\n【51题解】\n考查动词词义辨析。句意： 事实证明，Douglas击败了两名俄罗斯选手，完全完成了她成为奥运冠军所需要做的一切。A. defeated打败；B. pleased使高兴；C. respected尊敬；D. assisted帮助。由上文“what she needed to do to become Olympic champion”和下文“the Olympic all-around title, she became the first black woman to do so”可知，Douglas击败了两名俄罗斯选手，成为了奥运冠军，故选A。\n 52题详解】\n考查动词词义辨析。句意：这位中国教练让Douglas成为世界上最好的体操运动员之一，帮助她从国家队的普通队员一跃成为体操运动的顶尖选手。A. forced强迫；B. transformed转换、改造；C. persuaded劝说；D. put放。由下文“Douglas into one of the best gymnasts”可知，这位中国教练让Douglas变成世界上最好的体操运动员之一，transform...into固定搭配，意为“使……变成……”，故选B。\n【53题详解】\n考查名词词义辨析。句意：这位中国教练让Douglas成为世界上最好的体操运动员之一，帮助她从国家队的普通队员一跃成为体操运动的顶尖选手。A. world世界；B. city城市；C. team团队；D. state国家。由下文“the Olympic all-around title, she became the first black woman to do so”可知，Douglas赢得奥运会全能冠军，所以说她是世界最好的体操运动员之一，故选A。\n【54题详解】\n考查形容词词义辨析。句意：这位中国教练让Douglas成为世界上最好的体操运动员之一，帮助她从国家队的普通队员一跃成为体操运动的顶尖选手。 A. amateur业余爱好的；B. elected当选的；C. average平均的、普通的；D. enthusiastic热情的。由下文“member of the national team to the top of the sport”可知，这位中国教练帮助Douglas从国家队的普通队员一跃成为体操运动的顶尖选手。故选C。\n【55题详解】\n考查动词词义辨析。句意：通过赢得奥运会全能冠军，她成为了第一个获此殊荣的黑人女性。A. clarifying分类；B. defending打败；C. winning赢得；D. demanding要求。由下文“the Olympic all-around title, she became the first black woman to do so.”可知，Douglas赢得奥运会全能冠军，故选C。\n【56题详解】\n考查动词词义辨析。句意：她自始至终领先于竞争对手。A. followed跟随；B. organized组织；C. watched观看；D. led带领、领先。由下文“the competition from beginning to end”可知，比赛过程中，Douglas一直领先于竞争对手，故选D。\n【57题详解】\n考查形容词词义辨析。句意：她说她一直坚信自己会赢。A. confident自信的、坚信的；B. nervous紧张的；C. excited兴奋的；D. uneasy不安的。由下文“all along that she would win.”可知，Douglas一直坚信自己会赢，故选A。\n【58题详解】\n考查动词词义辨析。句意：就在不久前，女子国家队联络人Martha Karoly还认为Douglas不具备成为运选手所需要的条件。A. viewed看待；B. appeared出现；C. mattered重要；D. took需要。由下文“to be an Olympian”可知，此处表示Martha Karoly还认为Douglas不具备成为奥运选手所需要的条件，空处表示“需要”，故选D。\n【59题详解】\n考查短语辨析。句意：随着时间的推移，她越来越相信自己能够在伦敦奥运会上获胜。A. now and then时不时地；B. more and more越来越多；C. far and wide广泛地；D. on and on不断地。由上文“As time went by”和下文“that she could make the London Games — and win.”可知，随着时间的推移，Douglas越来越相信自己能够赢得伦敦奥运会。故选B。\n【60题详解】\n考查动词词义辨析。句意：“我准备好发光了”。A. shine照耀、发光；B. fly飞行；C. dance跳舞；D. score得分。由上文“I’m going to inspire so many people”和“And shine she did.”可知，Douglas认为自己将会激励很多人，即自己会发光影响到很多人，故选A。",
            "index": 1,
            "score": 1.5
        },
        {
            "year": "2023",
            "category": "新课标全国Ⅰ卷",
            "question": "阅读下面短文，从每题所给的A、B、C、D四个选项中选出可以填入空白处的最佳选项。\nOn Oct. 11, hundreds of runners competed in a cross-country race in Minnesota. Melanie Bailey should have ____41____ the course earlier than she did. Her ____42____ came because she was carrying a ____43____ across the finish line.\nAs reported by a local newspaper, Bailey was more than two-thirds of the way through her ____44____ when a runner in front of her began crying in pain. She ____45____ to help her fellow runner, Danielle Lenoue. Bailey took her arm to see if she could walk forward with ____46____. She couldn’t. Bailey then ____47____ to let Lenoue climb onto her back and carried her all the way to the finish line, then another 300 feet to where Lenoue could get ____48____ attention.\nOnce there, Lenoue was ____49____ and later taken to a hospital, where she learned that she had serious injuries in one of her knees. She would have struggled with extreme ____50____ to make it to that aid checkpoint without Bailey’s help.\nAs for Bailey, she is more ____51____ about why her act is considered a big ____52____. “She was just crying. I couldn’t ____53____ her,” Bailey told the reporter. “I feel like I was just doing the right thing.”\nAlthough the two young women were strangers before the ____54____, they’ve since become friends. Neither won the race, but the ____55____ of human kindness won the day.\n41. A. designed\tB. followed\tC. changed\tD. finished\n42. A. delay\tB. chance\tC. trouble\tD. excuse\n43. A. judge\tB. volunteer\tC. classmate\tD. competitor\n44. A. race\tB. school\tC. town\tD. training\n45. A. agreed\tB. returned\tC. stopped\tD. promised\n46. A. courage\tB. aid\tC. patience\tD. advice\n47. A. went away\tB. stood up\tC. stepped aside\tD. bent down\n48. A. medical\tB. public\tC. constant\tD. equal\n49. A. interrupted\tB. assessed\tC. identified\tD. appreciated\n50. A. hunger\tB. pain\tC. cold\tD. tiredness\n51. A. worried\tB. ashamed\tC. confused\tD. discouraged\n52. A. game\tB. problem\tC. lesson\tD. deal\n53. A. leave\tB. cure\tC. bother\tD. understand\n54  A. ride\tB. test\tC. meet\tD. show\n55. A. secret\tB. display\tC. benefit\tD. exchange",
            "answer": [
                "D",
                "A",
                "D",
                "A",
                "C",
                "B",
                "D",
                "A",
                "B",
                "B",
                "C",
                "D",
                "A",
                "C",
                "B"
            ],
            "analysis": "【41题详解】\n考查动词词义辨析。句意：Melanie Bailey应该更早完成比赛。A. designed设计；B. followed跟随；C. changed改变；D. finished完成。根据下一段的“carried her all the way to the finish line, then another 300 feet to where Lenoue could get ____8____ attention”可知，Bailey在比赛中背一名参赛者，所以完成比赛晚了，因此句子表示“Melanie Bailey应该更早完成比赛”。故选D。\n【42题详解】\n考查名词词义辨析。句意：她的延迟是因为她背着一名竞争对手冲过终点线。A. delay延误；B. chance机会；C. trouble麻烦；D. excuse借口。根据上文“Melanie Bailey should have ____1____ the course earlier than she did”和上一题的解析可知，Melanie Bailey应该更早完成比赛，她的延迟是因为她背着一名竞争对手冲过终点线。故选A。\n【43题详解】\n考查名词词义辨析。句意：她的延迟是因为她背着一名参赛者冲过终点线。A. judge裁判；B. volunteer志愿者；C. classmate同学；D. competitor参赛者。根据第一段的“hundreds of runners competed in a cross-country race”可知，她是背着一名参赛者冲过终点线。故选D。\n【44题详解】\n考查名词词义辨析。句意：据当地一家报纸报道，当Bailey跑到比赛的三分之二多的时候，她前面的一名选手开始痛苦地哭泣。A. race比赛；B. school学校；C. town城镇；D. training训练。根据第一段的“hundreds of runners competed in a cross-country race”可知，此处是说“当Bailey跑到比赛的三分之二多的时候”。故选A。\n【45题详解】\n考查动词词义辨析。句意：她停下来帮助她 同伴Danielle Lenoue。A. agreed同意；B. returned回来；C. stopped停止；D. promised答应。根据下文“to help her fellow runner”可知，她停下来帮助她的同伴Danielle Lenoue。故选C。\n【46题详解】\n考查名词词义辨析。句意：Bailey扶着她的胳膊，看看她能否帮助下前走。A. courage勇气；B. aid帮助；C. patience耐心；D. advice建议。根据上文“Bailey took her arm”可知，此处表示看她是否能在她的帮助下向前走。故选B。\n【47题详解】\n考查动词短语辨析。句意：然后Bailey弯下腰，让Lenoue爬到她的背上，一路背着她走到终点线，然后又走了300英尺，到Lenoue接受治疗的地方。A. went away离开； B. stood up站起来；C. stepped aside让路；D. bent down弯腰。根据下文“let Lenoue climb onto her back”可知，Bailey弯下腰，让勒诺爬到她的背上。故选D。\n【48题详解】\n考查形容词词义辨析。句意：然后Bailey弯下腰，让Lenoue爬到她的背上，一路背着她走到终点线，然后又走了300英尺，到Lenoue接受治疗的地方。A. medical医疗的；B. public公众的；C. constant持续不断的；D. equal平等的。根据上文“began crying in pain”可知，Danielle Lenoue很疼，所以是要接受治疗，medical attention意为医疗救助”。故选A。\n【49题详解】\n考查动词词义辨析。句意：Lenoue在那里接受了检查，后来被送往医院，在那里她得知自己的一个膝盖受了重伤。A. interrupted打断；B. assessed评估；C. identified识别；D. appreciated感激。根据下文“later taken to a hospital”可知，她是先接受了检查，再被送往医院，也就是先接受评估。故选B。\n【50题详解】\n考查名词词义辨析。句意：如果没有Bailey的帮助，她可能会在极度的痛苦中挣扎着到达那个援助检查站。A. hunger饥饿；B. pain疼痛；C. cold感冒；D. tiredness疲劳。根据第5空前的“began crying in pain”可知，此处表示“如果没有Bailey的帮助，她可能会在极度的痛苦中挣扎着到达那个援助检查站”。故选B。\n【51题详解】\n考查形容词词义辨析。句意：至于Bailey，她更困惑的是为什么她的行为被认为是一件大事。A. worried担心的；B. ashamed惭愧的；C. confused困惑的；D. discouraged泄气的。根据下文“I feel like I was just doing the right thing”可知，Bailey觉得自己只是做了正确的事情，所以她对她的行为被认为是一件大事感到困惑。故选C。\n【52题详解】\n考查名词词义辨析。句意：至于Bailey，她更困惑的是为什么她的行为被认为是一件大事。A. game游戏；B. problem问题；C. lesson课；D. deal交易，局面。根据下文“I feel like I was just doing the right thing”可知，Bailey觉得自己只是做了正确的事情，所以她对她的行为被认为是一件大事感到困惑，a big deal意为“非常重要的事”。故选D。\n【53题详解】\n考查动词词义辨析。句意：我不能离开她。A. leave离开；B. cure治愈；C. bother打扰；D. understand理解。根据上文“She was just crying”以及Lenoue爬到她的背上，一路背着她走到终点线，然后又走了300英尺。可知，Bailey看见Lenoue哭喊，所以觉得不能离开。故选A。\n【54题详解】\n考查名词词义辨析。句意：虽然这两个年轻女子在那场体育比赛之前是陌生人，但后来她们成了朋友。A. ride短途旅程；B. test测试；C. meet体育比赛；D. show展示。根据第一段“hundreds of runners competed in a cross-country race”及空前的“the two young women were strangers before”可知，当时是一场比赛，句子表示“这两个年轻女子在那场体育比赛之前是陌生人”。故选C。\n 55题详解】\n考查名词词义辨析。句意：两人都没有赢得比赛，但展示出的人类善良赢得了胜利。A. secret秘密；B. display展示；C. benefit利益；D. exchange交换。根据第二段的“let Lenoue climb onto her back and carried her all the way to the finish line, then another 300 feet to where Lenoue could get ____8____ attention”可知，Bailey背着一个参赛者过终点，并背她去接受检查，这展示了人类的善良。故选B。",
            "index": 2,
            "score": 1.5
        },
        {
            "year": "2023",
            "category": "新课标全国Ⅱ卷",
            "question": "阅读下面短文, 从每题所给的A、B、C、D四个选项中选出可以填入空白处的最佳选项。\nIn April last year, I saw a post on the PNP (Pilots N Paws) website from a family in Topeka. They had to move to Virginia but they were on a very tight ___41___. They could not afford to pay for ___42___ for their dog, Tiffy, and ___43___ wanted to take her with them. \nIt just ___44___ that I was planning another PNP flight with another pilot, Karen, who ___45___ to take Tiffy from Kansas City to Virginia. What I was to do was fly to Topeka to ___46___ Tiffy. \nWhen I met Tiffy’s owners, they seemed very ___47___. George, the husband, was trying to be calm, but I could tell this was ___48___ for him, having to leave his dog to a ___49___ and trust that everything would _____50_____.\nAfter some goodbyes, I asked George and his wife to help me _____51_____ Tiffy into the plane. I promised to take care of Tiffy and _____52_____ them as soon as we got to Kansas City. \nThe flight was _____53_____, and Tiffy was a great passenger. The next day, she _____54_____ with Karen and made it back to George in Virginia within a few days. He was so _____55_____ and sent me a nice e-mail with pictures. It felt great to know that I had helped bring this family together again.\n41. A. turn\tB. budget\tC. schedule\tD. connection\n42. A. food\tB. shelter\tC. medicine\tD. transportation\n43. A. desperately\tB. temporarily\tC. secretly\tD. originally\n44. A. appeared\tB. proved\tC. happened\tD. showed\n45. A. waited\tB. offered\tC. hurried\tD. failed\n46. A. see off\tB. look for\tC. hand over\tD. pick up\n47. A. confused\tB. nervous\tC. annoyed\tD. curious\n48. A. hard\tB. fine\tC. common\tD. lucky\n49. A. coworker\tB. passenger\tC. stranger\tD. neighbor\n50. A. speed up\tB. work out\tC. come back\tD. take off\n51. A. feed\tB. follow\tC. change\tD. load\n52. A. call\tB. join\tC. leave\tD. serve\n53. A. unnecessary\tB. unexpected\tC. unavoidable\tD. uneventful\n54. A. returned\tB. fought\tC. flew\tD. agreed\n55. A. thankful\tB. generous\tC. proud\tD. sympathetic",
            "answer": [
                "B",
                "D",
                "A",
                "C",
                "B",
                "D",
                "B",
                "A",
                "C",
                "B",
                "D",
                "A",
                "D",
                "C",
                "A"
            ],
            "analysis": "【41题详解】\n考查名词词义辨析。句意：他们不得不搬到弗吉尼亚，但他们的预算非常紧张。A. turn转折点；B. budget预算；C. schedule时间表；D. connection联系。根据“They could not afford to pay for ___2___ for their dog, Tiffy,”可知，这个家庭的预算非常紧张。故选B。\n【42题详解】\n考查名词词义辨析。句意：他们付不起他们的狗Tiffy的交通费，又非常想带她一起走。A. food食物；B. shelter庇护；C. medicine药；D. transportation交通。根据“They had to move to Virginia but they were on a very tight ___1___ .”及下文可知，这个家庭的预算非常紧张，所以付不起他们的狗Tiffy的交通费。故选D。\n【43题详解】\n考查副词词义辨析。句意：他们付不起他们的狗Tiffy的交通费，又非常想带她一起走。 A. desperately非常、拼命地；B. temporarily暂时地；C. secretly秘密地；D. originally起初。根据“wanted to take her with them.”可知这家人非常想把狗一起带走。故选A。\n【44题详解】\n考查动词词义辨析。句意：碰巧我和另一名飞行员Karen正在计划另一次PNP飞行，他主动提出要把Tiffy从堪萨斯城带到弗吉尼亚。A. appeared出现；B. proved证明；C. happened碰巧；D. showed展示。根据“I was planning another PNP flight with another pilot, Karen,”可知，碰巧的是作者和另一名飞行员正在计划另一次PNP飞行。故选C。\n【45题详解】\n考查动词词义辨析。句意：碰巧我和另一名飞行员Karen正在计划另一次PNP飞行，他主动提出要把Tiffy从堪萨斯城带到弗吉尼亚。A. waited等待；B. offered提供、主动提出；C. hurried匆忙；D. failed失败。根据“to take Tiffy from Kansas City to Virginia.”可知，Karen主动提出帮忙把狗Tiffy从堪萨斯城带到弗吉尼亚。故选B。\n【46题详解】\n考查动词短语辨析。句意：我要做的就是飞到托皮卡去接Tiffy。A. see off为……送行B. look for寻找；C. hand over移交；D. pick up接载。根据“What I was to do was fly to Topeka”和常识可知，作者需要飞到托皮卡去接Tiffy。故选D。\n【47题详解】\n考查形容词词义辨析。句意：当我见到Tiffy的主人时，他们看起来很紧张。A. confused困惑的；B. nervous紧张的；C. annoyed恼怒的；D. curious好奇的。根据“George, the husband, was trying to be calm, but I could tell this was ___8___ for him, having to leave his dog to a ___9___ and trust that everything would ___10___ .”可知，这家人看起来有点紧张和不安。故选B。\n【48题详解】\n考查形容词词义辨析。句意：丈夫George试着冷静下来，但我看得出来，这对他来说很难，他不得不把狗留给一个陌生人，并相信一切都会解决的。A. hard困难的；B. fine好的；C. common常见的；D. lucky幸运的。根据上文“was trying to be calm”以及下文“having to leave his dog to a ___9___ and trust that everything would ___10___ .”可推知，此处指把狗留给一个陌生人对主人来说很难。故选A。\n【49题详解】\n考查名词词义辨析。句意：丈夫George试着冷静下来，但我看得出来，这对他来说很难，他不得不把狗留给一个陌生人，并相信一切都会解决的。A. coworker合作者；B. passenger乘客；C. stranger陌生人；D. neighbor邻居。根据“George, the husband, was trying to be calm, but I could tell this was ___8___ for him,”可知，要把狗留给一个陌生人。故选C。\n【50题详解】\n考查动词短语辨析。句意：丈夫George试着冷静下来，但我看得出来，这对他来说很难，他不得不把狗留给一个陌生人，并相信一切都会解决的。A. speed up加速；B. work out解决；C. come back回来；D. take off起飞。根据“George, the husband, was trying to be calm, but I could tell this was ___8___ for him,”可知，让狗的主人George相信一个陌生人一切都会解决好，对他来很难。故选B。\n【51题详解】\n考查动词词义辨析。句意：道别之后，我让George和他的妻子帮我把Tiffy送上飞机。A. feed喂养；B. follow跟随；C. change改变；D. load装载。load into装入。根据“Tiffy into the plane.”可知，作者让George和他的妻子帮忙把Tiffy装入飞机。故选D。\n【52题详解】\n考查动词词义辨析。句意：我答应过会照顾好Tiffy，一到堪萨斯城就给他们打电话。A. call打电话；B. join加入；C. leave离开；D. serve服务。根据“as soon as we got to Kansas City.”可知，作者承诺一到堪萨斯城就给他们打电话。故选A。\n【53题详解】\n考查形容词词义辨析。句意：这次飞行平安无事，Tiffy是个很棒的乘客。A. unnecessary没有必要的；B. unexpected意想不到的；C. unavoidable不可避免的；D. uneventful太平无事的。根据“and Tiffy was a great passenger.”可知，这次飞行一切都平安无事。故选D。\n【54题详解】\n考动词词义辨析。句意：第二天，她和Karen一起坐飞机，几天后就回到了弗吉尼亚州的George那里。 A. returned返回；B. fought打仗；C. flew飞；D. agreed同意。根据“It just ___4___ that I was planning another PNP flight with another pilot, Karen, who ___5___ to take Tiffy from Kansas City to Virginia.”可知，Karen带狗Tiffy飞往弗吉尼亚州。故选C。\n【55题详解】\n考查形容词词义辨析。句意：他非常感激，给我发了一封很漂亮的电子邮件，并附上了照片。A. thankful感激的；B. generous慷慨的；C. proud骄傲的；D. sympathetic同情的。通读全文，再根据“and sent me a nice e-mail with pictures.”可推知，此处指对于作者的帮忙，George非常感激。故选A。",
            "index": 3,
            "score": 1.5
        }
    ]
}