{
    "keywords": "2023_History_MCQs",
    "example": [
        {
            "year": "2023",
            "category": "全国甲卷",
            "question": "1. 西周分封制下，诸侯国君爵位由高到低称为公。侯，伯，子、男。楚国先祖在西周初被封以“子男之田”春秋时期，楚国国君自称为王，称霸中原，争当华夏盟主，孔子编撰《春秋》仍坚持称楚王为“楚子”孔子此举目的是（   ）\nA. 实录历史事实\tB. 提升周王权威\nC. 维护等级秩序\tD. 强调文化差异",
            "answer": [
                "C"
            ],
            "analysis": "【详解】本题是单类型单项选择题。据本题主题干的设问词，可知这是目的题。据本题时间信息可知准确时空是：春秋时期（中国）。据本题材料“楚国国君自称为王，称霸中原，争当华夏盟主。”并结合所学知识可知，春秋时期是礼治社会，礼仪是一个国家或者个人最高的行为准则，楚国国君自立为王并没有得到周天子的册封，当然，也不可能得到重视“礼仪”的儒家创始人孔子的肯定。孔子编撰《春秋》是为了明确等级制度上下尊卑关系，以稳定社会，达到社会和谐，如果孔子承认了楚国国君为王的实事，那么也就代表孔子自己先违背了自己遵从的“礼”。所以在孔子改《春秋》时一直称楚国国王为楚子、楚人，综上可知孔子此举目的是维护等级秩序，C项正确；《春秋》是中国古代史类文学作品，孔子此举目的并非实录历史事实，排除A项；孔子编撰《春秋》\n秋》坚持称楚王为“楚子”，无法达到提升周王权威的效果，排除B项；材料中没有将各诸侯国的文化进行对比，无法得出强调文化差异的结论，排除D项。故选C项",
            "index": 0,
            "score": 4
        },
        {
            "year": "2023",
            "category": "全国甲卷",
            "question": "3. 民众日常生活能够反映时代特点，下列情景中，可能出现于北宋都城市民日常生活中的是（   ）\nA. 早晨在家喝红薯玉米粥\tB. 晚上去夜市听人说书\nC. 到指定市场用银元购物\tD. 出门时穿件黄色棉袍",
            "answer": [
                "B"
            ],
            "analysis": "【详解】本题是单类型单项选择题。据本题主题干的设问词，可知这是正向题。据本题时间信息可知准确时空是：北宋（中国）。根据所学知识可知，中唐以后，随着坊市制和宵禁制度的松弛，夜市，这一经济形态才在夹缝中逐渐萌芽。到了北宋时期，坊市制终于成为过去，这极大地促进了经济的发展。政治的稳定，经济的繁荣，造就了夜市的产生。历史上夜市的真正开放并形成规模是在宋代。据《宋代商业史研究》载：乾德三年（公元965年）四月十三，太祖赵匡胤下令开封府：“京城夜市，至三鼓已来，不得禁止。”所以可能出现于北宋都城市民日常生活中的是晚上去夜市听人说书，B项正确；玉米在1531年最早传到广西，红薯进入中国约为1593年，而北宋的存续时间是960年—1127年，排除A项；中国历史上大量使用银子做货币开始于明朝中期，此时欧洲殖民者携带这\n海量白银从美洲来到中国沿海，这些银子的涌入才让中国市场上白银的储量达到了可以支持日常交易的地步，排除C项；宋朝仁宗之时规定不准一般人身着黄色为底色和配图花样，排除D项。故选B项。",
            "index": 1,
            "score": 4
        },
        {
            "year": "2023",
            "category": "全国甲卷",
            "question": "4. 明代很多熟读儒经而从事商业活动的人，秉持“虽终日作买卖，不害其为圣为贤”的信条。尽心于实践“圣人之学”。与这种社会行为最契合的思想观念是（   ）\nA. “百姓日用即道”\tB. “心外无物”\tC. “存天理，灭人欲”\tD. “工商皆本”",
            "answer": [
                "A"
            ],
            "analysis": "【详解】本题是单类型单项选择题。据本题主题干 设问词，可知这是正向题。据本题时间信息可知准确时空是：明代（中国）。根据材料信息“虽终日作买卖，不害其为圣为贤”并结合所学可知， 这句话的意思是，虽然自己为了利益去行商，但是有自己的原则，即利己又利人，不害己害人，这样能做到就是圣贤有道德的人。百姓日用即道是中国明代思想家王艮提出的哲学命题，王艮主张从日常生活中寻求真理，要求统治者把满足群众穿衣吃饭作为第一需要，把“百姓”和“圣人”放在同等重要的地位，读经和做生意不违背，亦儒亦商，儒商是也，A项正确；心外无物，是出自宋代哲学家陆九渊的“心即理也”，以及“宇宙即是吾心，吾心即是宇宙”的基础上提出的，主张心与物同体，物不能离开心而存在，心也不能离开物存在，与材料不符，排除B项；存天理、灭\n人欲是宋代著名儒者程颢、程颐提出的道德修养目标。理解为保存心中本具的天理，消灭人的私有欲望，与材料不符，排除C项；封建统治者顽固推行“崇本抑末”的政策，以农为本，工商为末，保护和发展农业经济，抑制工商业的逢勃发展，这就阻碍了社会经济的发展，黄宗羲在中国历史上第一次提出了“工商皆本”的口号，与材料不符，排除D项。故选A项。",
            "index": 2,
            "score": 4
        },
        {
            "year": "2023",
            "category": "全国甲卷",
            "question": "5. 清末陈去病在《论戏剧之有益》一文中说：“此其奏效之捷，必有过于劳心焦思，孜孜矻矻以作《革命军》、《驳康书》、《黄帝魂》、《落花梦》、《自由血》者殆千万倍”。他号召青年人投身戏剧。这反映出（   ）\nA. 传统戏曲的演出逐渐衰落\tB. 戏剧开始由愉悦达官显贵转向民众\nC. 戏剧成为宣传革命的手段\tD. 反清书籍宣传革命思想的作用弱化",
            "answer": [
                "C"
            ],
            "analysis": "【详解】本题是单类型单项选择题。据本题主题干的设问词，可知这是本质题。据本题时间信息可知准确时空是清末。根据材料“此其奏效之捷，必有过于劳心焦思，孜孜矻矻以作《革命军》、《驳康书》、《黄帝魂》、《落花梦》、《自由血》者殆千万倍”。“他号召青年人投身戏剧。”并结合所学可知，清末陈去病重视戏剧，认为它在鼓动平民、普及社会方面具有重要作用，并结合时代背景，此时正处于民族危机不断加深，革命思潮不断传播的过程中，陈去病认为戏剧对宣传革命的作用比《革命军》等著作作用更大，故号召青年人投身戏剧，C项正确；材料未涉及传统戏曲的演出逐渐衰落的内容，排除A项；材料未涉及戏剧的受众，且“开始”的表述不符合史实，排除B项；材料的主旨信息是戏剧与革命思想相结合下，更能发挥革命思想宣传的效用，主旨信息并强\n并非强调反清书籍宣传革命思想的作用在弱化，排除D项。故选C项。",
            "index": 3,
            "score": 4
        },
        {
            "year": "2023",
            "category": "全国甲卷",
            "question": "6. 有学者认为，绅商是一个新兴的社会阶层，主要活跃于19世纪末20世纪初，他们已开始接触和使用新的资本主义营运方式，生活方式和思想意识开始带有近代趋向，但在很多方面依然非常守旧和传统。这可用于说明当时中国（   ）\nA. 绅商是社会转型的主要动力\tB. “尊士贱商”的积习遭弃\nC. 传统社会阶级结构已被颠覆\tD. 民族资产阶级的两面性",
            "answer": [
                "D"
            ],
            "analysis": "【详解】本题是单类型单项选择题。据本题主题干的设问词，可知这是本质题。据本题时间信息可知准确时空是：近代（中国）。根据材料信息“绅商是一个新兴的社会阶层，主要活跃于19世纪末20世纪初，他们已开始接触和使用新的资本主义营运方式，生活方式和思想意识开始带有近代趋向，但在很多方面依然非常守旧和传统。”并结合所学可知，在晚清，传统的社会结构和商人阶层伴随着资本主义的萌芽，发生了根本性的变革：商人阶层开始扩大；同时“士”和“商”开始结合，在晚清形成了所谓的“绅商”阶层。“绅商”作为近代社会中产生的一个新的社会阶层，是社会转型时期的产物，绅商作为从传统商人演化而来的新商人，即近代民族资产阶级，既具有引领中国进步的革命性，又对旧势力存在妥协，即民族资产阶级具有两面性，D项正确；材料强调了绅\n商对于社会转型的意义，但无法得出“主要动力”，排除A项；材料未涉及“尊士贱商”的内容，且“遭弃”的表述不符和史实，排除B项；“传统社会阶级结构已被颠覆 ”的表述过于绝对，排除C项。故选D项。",
            "index": 4,
            "score": 4
        },
        {
            "year": "2023",
            "category": "全国甲卷",
            "question": "7. 中国共产党在成立之初就注重增强阶级基础。中共一大在讨论今后的工作时，“决定集中我们的全部精力组织工厂工人……鉴于我们的党至今几乎完全由知识分子组成，所以代表大会决定要特别注意组织工人。”这反映出当时（   ）\nA. 革命统一战线建立\tB. 民主革命纲领开始制定\nC. 党的中心任务确立\tD. 工农武装割据思想形成",
            "answer": [
                "C"
            ],
            "analysis": "【详解】本题是单类型单项选择题。据本题主题干的设问词，可知这是本质题。据本题时间信息可知准确时空是：1921年（中国）。根据材料“决定集中我们的全部精力组织工厂工人……鉴于我们的党至今几乎完全由知识分子组成，所以代表大会决定要特别注意组织工人。”并结合所学可知，中共一大通过的《关于当前实际工作的决议》，确定党成立后的中心任务是组织工会和教育工人，领导工人运动，对党领导工人运动的任务、方针、政策和方法都提出了规定或要求，C项正确；\n1924年至1927年第一次国共合作建立了革命统一战线，进行了轰轰烈烈的国民大革命，排除A项；1922年中共制定了党的民主革命纲领，实现了最高纲领和最低纲领的统一，排除B项；在开辟井冈山革命根据地的实践中,毛泽东逐渐发展这种思想,形成了“工农武装割据”的思想，与材料时间不符，排除D项。故选C项。",
            "index": 5,
            "score": 4
        },
        {
            "year": "2023",
            "category": "全国甲卷",
            "question": "8. 1943年，中共中央指出，“提高妇女的政治地位、文化水平、改善生活，以达到解放的道路，亦须从经济丰裕与经济独立入手。”这一决定的实施（   ）\nA. 促进妇女彻底摆脱封建束缚\tB. 有利于抗日根据地政权巩固\nC. 扩大了陕甘宁边区阶级基础\tD. 适应党的工作重心转移需要",
            "answer": [
                "B"
            ],
            "analysis": "【详解】本题是单类型单项选择题。据本题主题干的设问词，可知这是影响题。据本题时间信息可知准确时空是：1943年（中国）。根据材料“提高妇女的政治地位、文化水平、改善生活，以达到解放的道路，亦须从经济丰裕与经济独立入手。”并结合所学可知，抗日战争后期，通过土地改革，妇女的经济地位得到提高，这有利于动员广大妇女投身抗战，这有助于巩固抗日根据地，推动抗日战争的胜利，B项正确；“彻底摆脱封建束缚”的表述太过绝对，排除A项；\n陕甘宁边区的阶级基础包括工人、农民、小资产阶级外，还包括了其他一切愿意抗日的阶级、阶层，妇女包含在内，故陕甘宁边区的阶级基础并未扩大，排除C项；1949年解放战争取得胜利，中国共产党召开中共七届二中全会，提出将党的工作重心从农村转回到城市，与材料时间不符，排除D项。故选B项。",
            "index": 6,
            "score": 4
        },
        {
            "year": "2023",
            "category": "全国甲卷",
            "question": "9. 共和之前的古罗马部分诉讼中，败诉方须将用于担保的牛羊祭神，以赎伪誓之罪。担保的牛羊多超出诉讼物价值，且影响农牧生产。共和国早期，败诉方改向国家缴纳罚金，到公元3世纪末，罚金已无足轻重。这一变化表明罗马共和国时期（   ）\nA. 系统完备的罗马体系形成\tB. 法律注重保护公民的利益\nC. 法律事务受到神权严格控制\tD. 贵族对法律的解释权扩大",
            "answer": [
                "B"
            ],
            "analysis": "【详解】本题是单类型单项选择题。据本题主题干的设问词，可知这是本质题。据本题时间信息可知准确时空是：罗马帝国时期（罗马）。根据材料“共和之前的古罗马部分诉讼中，败诉方须将用于担保的牛羊祭神，以赎伪誓之罪。担保的牛羊多超出诉讼物价值，且影响农牧生产。共和国早期，败诉方改向国家缴纳罚金，到公元3世纪末，罚金已无足轻重。”可知，共和之前至罗马帝国时期，败诉方承担的败诉成本越来越少，更多的维护了公民的利益，故法律注重保护公民的利益，B项正确；\n公元六世纪，查士丁尼编纂民法大全，系统完备的罗马体系形成，排除A项；材料未涉及法律事务受到神权严格控制，且神权对法律事务的控制逐渐削弱，排除C项；罗马帝国虽维护的是奴隶主贵族的利益，但材料未涉及贵族对法律的解释权扩大，排除D项。故选B项。",
            "index": 7,
            "score": 4
        },
        {
            "year": "2023",
            "category": "全国甲卷",
            "question": "10. 西方某一文学思潮挑战和反叛了强调“主观”“创造”“情感”“想象”的文学城规，主张科学理性精神，刻意追求“客观”“写实”。据此可知，该文学思潮属于（   ）\nA. 古典主义\tB. 浪漫主义\tC. 现实主义\tD. 现代主义",
            "answer": [
                "C"
            ],
            "analysis": "【详解】本题是单类型单项选择题。据本题主题干的设问词，可知这是推断题。据本题时间信息可知准确时空是：第二次工业革命后（西方）。根据材料“主张科学理性精神，刻意追求‘客观’‘写实’ 。”并结合所学可知，工业革命后，随着资本主义发展，资本主义各种矛盾日趋尖锐，真实反映现实生活，揭露批判社会黑暗的现实主义文学成为主流，现实主义关注、再现、剖析社会，与材料相符，C项正确；古典主义文学产生于十七世纪的欧洲，政治上服从于当时绝对君权的统治，在创作中推崇理性，反对个人感情的自由表达，大量采用古希腊罗马文学中的题材，与材料不符，排除A项；\n浪漫主义既反对资本主义社会中残存的封建因素，同时对资产阶级本身所造成的种种罪恶现象有所揭露，寄希望于未来，表现手法上体现夸张、想象瑰丽；创作风格上，构思丰富、情节起伏，排除B项；现代主义产生的背景是，资本主义发展促进了生产力发展，但它以牺牲一定的精神道德为前提，物质和精神发展脱节使人们的思想产生矛盾，世界大战、冷战，特别是核恐怖像定时炸弹一样悬在人们心头，使人们感到危机重重，甚至发生变态，现代派文学反对传统的表现手法，反对故事情节的逻辑性，排除D项。故选C项。",
            "index": 8,
            "score": 4
        },
        {
            "year": "2023",
            "category": "全国甲卷",
            "question": "11. 有学者认为，巴黎公社工人制造了一个断裂，历史的途贯件步伐在这里戛然而止，它宣告了工人阶级可以通过自己的能力来缔造一个新的世界。这里的“断裂”是指（   ）\nA. 资本主义社会的法则被颠覆\tB. 工业革命彻底改变人们生活\nC. 空想社会主义的第一次尝试\tD. 封建保守势力复辟梦想破灭",
            "answer": [
                "A"
            ],
            "analysis": "【详解】本题是单类型单项选择题，根据题干设问可知是推断题，准确的时空是19世纪70年代的法国，根据题意该学者认为这个断裂是因为历史的连贯性被打断，工人阶级可以通过自己的能力来缔造一个新的世界，结合所学可知，巴黎公社是无产阶级建立政权的第一次伟大尝试，宣告了无产阶级专政的一个新世界，颠覆了资本主义社会所创造的法则，A项正确；工业革命推动了资本主义生产水平的提高，推动人类社会进入工业文明，但是B选项说法过于绝对，且与题干主旨不符，排除B项；巴黎公社不是空想社会主义的第一次伟大尝试，空想社会主义理论诞生后，欧文（和谐公社）等空想社会主义者已经进行了尝试，排除C项；巴黎公社是无产阶级建立政权的一次伟大尝试，与封建保守势力无关，排除D项。故选A项。",
            "index": 9,
            "score": 4
        },
        {
            "year": "2023",
            "category": "全国甲卷",
            "question": "12. 1952年，美国对菲律宾启动了蔬菜种子项目，次年升级为“民主种子”项目，该项目将募集或低价购买的蔬菜种子在菲律宾农村分发并给予种植指导，同时将西方观念传播给受助的菲律宾民众。美国“民主种子”项目的实施（   ）\nA. 反映两极格局形成后美苏对抗的升级\nB. 旨在促进菲律宾经济发展与观念变革\nC. 推动了亚非拉地区的民族独立与解放\nD. 凸显了对第三世界地区 宣传与争夺",
            "answer": [
                "D"
            ],
            "analysis": "【详解】本题是多类型单项选择题，根据题干设问可知是影响题、本质题、目的题和推断题，准确的时空是20世纪50年代的世界。根据题干信息可知美国该项目在分发种子的同时把西方的观念传播给受助的民众，可以看出美国在注重西方观念的宣传，结合所学可知，20世纪50年代美苏两极格局，加强对第三世界世界地区的争夺，包括意识形态领域的宣传，D项正确；\n题干反映的是意识形态领域的争夺和宣传，仍然属于冷战，美苏对抗并没有升级，排除A项；美国对菲律宾的援助是为了宣传西方观念，壮大资本主义阵营的力量，排除B项；美国对菲律宾的援助是为了宣传西方观念，壮大资本主义阵营的力量，维护资产阶级的统治，不利于亚非拉地区的民族独立和解放，排除C项。故选D项。",
            "index": 10,
            "score": 4
        },
        {
            "year": "2023",
            "category": "全国乙卷",
            "question": "1. 孟子说：“五亩之宅，树之以桑，五十（岁）者可以衣帛矣；鸡豚狗彘之畜，无失其时，七十（岁）者可以食肉矣；百亩之田，勿夺其时，数口之家可以无饥矣。”这一观点所依托的时代背景是（   ）\nA. 休养生息政策的实施\tB. 井田制度的繁荣\nC. 农业生产技术的发展\tD. 商业活动的衰退",
            "answer": [
                "C"
            ],
            "analysis": "【详解】本题是单类型单项选择题。根据主题干设问词可知本题是背景题。时空是：战国时期（中国）。根据材料可知，材料主要内容是小农生生产生活的景象，这一观点是孟子提出的，孟子生活在战国时期，结合所学知识可知，孟子能够提出这一观点是因为战国时期出现铁犁牛耕，农业生产技术得到极大发展，使小农生产取代了井田制下集体生产，C项正确；休养生息政策是源于道家无为而治顺其自然的观点，排除A项；这一时期井田制走向瓦解，排除B项；这一时期，工商食官不断崩溃，私营工商业不断发展，商业活动较之前而言是发展的，排除D项。故选C项。",
            "index": 11,
            "score": 4
        },
        {
            "year": "2023",
            "category": "全国乙卷",
            "question": "2. 唐代中后期文人间流行诗歌唱和之风，“江南”成为唱和的重要主题。杭州、苏州、湖州、宣州（今安徽宣城）等地名常在唱和诗歌中出现。这种风尚（   ）\nA. 得益于稳定的地方秩序\tB. 缘于坊市制度的崩溃\nC. 助推山水田园诗的兴起\tD. 导致经济重心的南移",
            "answer": [
                "A"
            ],
            "analysis": "【详解】本题是多类型单项选择题。根据次题干提示词可知本题是本原因题、影响题。时空是：唐中后期（中国）。根据材料内容可知，材料主要内容是唐中后期文人流行诗歌唱和，江南是重要主题。结合所学知识可知，诗歌唱和主要体现的是文人之间作诗与别人相酬和，而诗人之间这种诗歌唱和基本以江南为主题，主要是因为唐中后期，南方相对北方，社会秩序更加安定，A项正确；唐朝时期坊市制度没有崩溃，排除B项；山水田园诗兴起于魏晋时期，排除C项；经济重心的南移是因为安史之乱，排除D项。故选A项。",
            "index": 12,
            "score": 4
        },
        {
            "year": "2023",
            "category": "全国乙卷",
            "question": "3. 南宋时书籍流行，文人刻书蔚然成风，如陆游、范成大、杨万里、朱熹等人在各地任官期间，都曾刊行自己或先人、名宦、师友、乡贤的著述，地方官学、民间书院等亦以刻书为己任。这有助于（   ）\nA. 士族阶层的出现\tB. 儒学正统地位的确立\nC. 科举制度的兴起\tD. 社会文化水平的提升",
            "answer": [
                "D"
            ],
            "analysis": "【详解】本题是单类型单项选择题。据本题主题干的设问词，可知这是影响题。据本题时间信息可知准确时空是：南宋时期（中国）。据材料“南宋时书籍流行，文人刻书蔚然成风”及所学知识可知，书籍作为文化传承和传播的重要载体，南宋时期书籍的流行推动了社会文化水平的提升，D项正确；据所学知识可知，自三国、西晋以来，一些声名显赫的士大夫家族世代把持官位，享受政治、经济等方面的特权，形成了一个特殊的社会阶层，称为士族，所以，士族阶层并非在南宋时期出现，排除A项；汉武帝时期，儒学正统地位确立，排除B项；隋朝时期确立科举制，唐朝进一步发展，排除C项。故选D项。",
            "index": 13,
            "score": 4
        },
        {
            "year": "2023",
            "category": "全国乙卷",
            "question": "4. 明初，朱元璋要求百姓邻里之间必须互相知晓丁数、职业，即“某民丁几，受农业者几，受士业者几，受工业者几，受商业者几”。这一措施意在（   ）\nA. 强调农商皆本\tB. 加强对民间的控制\nC  禁止人口流动\tD. 促进经济均衡发展",
            "answer": [
                "B"
            ],
            "analysis": "【详解】本题是单类型单项选择题。据本题主题干的设问词，可知这是目的题。据本题时间信息可知准确时空是：明初（中国）。据材料“明初，朱元璋要求百姓邻里之间必须互相知晓丁数、职业”及所学知识可知，百姓对邻里的情况相互知晓，有利于基层民众的自我管理与相互监督，进而加强对民间的控制，B项正确；明清时期，政府厉行重农抑商政策，且邻里之间“知晓丁数、职业”，不能体现政府对农业和商业的态度，不能反映农商皆本，排除A项；\n明清时期，对人口流动进行严格的限制，但并不禁止人口流动，C项表述过于绝对，与史实不符，排除C项；邻里之间“知晓丁数、职业”是为了加强对民间的控制，与经济均衡发展没有直接关系，且邻里之间的相互了解不能促进经济“均衡”发展，排除D项。故选B项。",
            "index": 14,
            "score": 4
        },
        {
            "year": "2023",
            "category": "全国乙卷",
            "question": "5. 19世纪70年代之前，伦敦市场上中国茶叶价格的日常波动很难影响到中国国内的茶叶出口价格。随着中英间电讯联系的建立，中国茶叶的出口价格随着伦敦市场的标价而变动，销售数量也随着世界经济的变动而波动，这（   ）\nA. 导致中国茶叶出口衰落\tB. 改变了中国对外贸易的入超状况\nC. 促成了世界经济一体化\tD. 削弱了中国茶叶的国际市场地位",
            "answer": [
                "D"
            ],
            "analysis": "【详解】本题是单类型单项选择题。据本题主题干的设问词，可知这是影响题。据本题时间信息可知准确时空是：近代（中国）。据材料可知，19世纪70年代之前，中英之间联系不便，伦敦市场上中国茶叶的价格对中国茶叶出口的价格影响较小，体现了中国茶叶的国际市场地位较高，但19世纪70年代之后，伴随着“中英间电讯联系的建立”，中国茶叶出口价格受到伦敦市场中国茶叶价格影响，而且中国茶叶的销量也“随着世界经济的变动而波动”，中国茶叶的国际市场地位下降，D项正确；\n据所学知识可知，1880年中国的茶叶出口达到顶峰，之后，中国茶叶出口衰落，材料时间为19世纪70年代前后的对比，此时期中国茶叶出口尚未衰落，且导致中国茶叶出口衰落的主要原因是印度茶的替代冲击，排除A项；材料反映了中国茶叶出口的销量“随着世界经济的变动而波动”，但没有涉及其他出口商品的数量，也没有涉及中国进口商品的总数量，不能反映中国对外贸易入超状况是否改变，且据所学知识可知，19世纪70年代前后，中国对外贸易入超状况并非改变，排除B项；世界经济一体化是指世界各国和地区之间的经济活动相互依存、相互关联，形成世界范围内的有机整体，此时期尚未形成世界经济一体化，排除C项。故选D项。",
            "index": 15,
            "score": 4
        },
        {
            "year": "2023",
            "category": "全国乙卷",
            "question": "6. 1920年5月，陈独秀发表演说：“中国古人说‘劳心者治人，劳力者治于人’。现在我们要将这句话倒转过来说，‘劳力者治人，劳心者治于人’。”9月，他发文主张“用革命的手段建设劳动阶级（即生产阶级）的国家”。这反映出（   ）\nA. 工人待遇得到极大改善\tB. 民主与科学深入人心\nC. 无产阶级登上政治舞台\tD. 工农运动的蓬勃发展",
            "answer": [
                "C"
            ],
            "analysis": "【详解】本题是单类型单项选择题。据本题主题干 设问词，可知这是本质题。据本题时间信息可知准确时空是：1920年5月（中国）。据本题材料“他发文主张用革命的手段建设劳动阶级（即生产阶级）的国家”，并结合五四运动相关史实可知，1919年五四运动，工人阶级作为独立的政治力量登上历史舞台，无产阶级力量壮大，“劳心者治于人”展现出对工人阶级的重视，源于工人阶级力量的壮大，材料反映出五四运动后，无产阶级登上政治舞台，陈独秀主张工人阶级用革命手段建立无产阶级政权，C项正确；材料中没有明确叙述工人的待遇得到极大改善，排除A项；新文化运动前期宣传“民主与科学”，与材料内容无关，排除B项；北伐战争时期，工农运动蓬勃发展，与材料时间内容不符，排除D项。故选C项。",
            "index": 16,
            "score": 4
        },
        {
            "year": "2023",
            "category": "全国乙卷",
            "question": "8. 1981年，北京京剧团实行改革，职工工资只发70%，国家不再负担大部分福利；剧团演出费用自行解决，演出盈余留存公积金30%，上交剧院10%，其余根据“按劳分配”原则分红。经过试验，职工收入明显增加。上述改革反映出（   ）\nA. 非公有资本成为文化建设投资主体\nB. 国有文化事业单位整体改制为企业\nC. 新的分配方式有利于激发职工积极性\nD. 社会主义市场经济体制改革目标确立",
            "answer": [
                "C"
            ],
            "analysis": "【详解】本题是单类型单项选择题。据本题主题干的设问词，可知这是本质题。据本题时间信息可知准确时空是：1981年（中国）。根据材料可知，北京京剧团实行改革，演出盈余的60%按照“按劳分配”原则分红，使得职工收入明显增加，这种新的分配方式有利于激发职工积极性，C项正确；\n材料中的改革反映出新的分配方式有利于激发职工积极性，未体现非公有资本投资文化建设，排除A项；材料仅涉及职工工资、福利以及经费改革，不能说明国有文化事业单位整体改制为企业，排除B项；1992年党的十四大明确把建立社会主义市场经济体制作为经济体制改革的目标，排除D项。故选C项。",
            "index": 17,
            "score": 4
        },
        {
            "year": "2023",
            "category": "全国乙卷",
            "question": "9. 公元前6世纪中后期，庇西特拉图先后三次攫取雅典城邦 统治权。他依照法律处理公共事务，关怀农民，支持平民反对贵族，时人称其统治时期为“盛世”。该“盛世”的出现，得益于（   ）\nA. 梭伦改革的制度基础\tB. 雅典民主政治的确立\nC. 五百人议事会的产生\tD. 贵族特权被彻底铲除",
            "answer": [
                "A"
            ],
            "analysis": "【详解】本题是单类型单项选择题。据本题主题干的设问词，可知这是本质题。据本题时间信息可知准确时空是：公元前6世纪中后期（雅典）。根据材料“公元前6世纪中后期，庇西特拉图先后三次攫取雅典城邦的统治权。他依照法律处理公共事务，关怀农民，支持平民反对贵族，时人称其统治时期为‘盛世’”并结合所学可知，公元前594年，梭伦担任雅典“执政兼仲裁”一职后进行一系列经济、政治和社会改革，为雅典民主政治奠定基础，在庇西特拉图主政时期，在政治、军事、外交、工业、文化等方面都有所建树，延续了梭伦改革的路线，A项正确；克里斯提尼执政时期，雅典民主政治确立起来，在公元前6世纪末，排除B项；克里斯提尼执政时期，确立了五百人议事会，排除C项；“贵族特权被彻底铲除”的表述太过绝对，只是打击了贵族特权，排除D项。故选A项",
            "index": 18,
            "score": 4
        },
        {
            "year": "2023",
            "category": "全国乙卷",
            "question": "10. 1661年，英国民兵法案宣布：民兵、海陆军队以及所有军事要塞和驻地的唯一最高的统辖权、指挥权和部署权，历来属于国王陛下，这是不容置疑的。议会两院或其中任何一院都不能也不应要求这种权力。这说明当时英国（   ）\nA. 国王处于“统而不治”地位\tB. 国王力图巩固统治权力\nC. 强化王权以对抗“无敌舰队”\tD. 君主立宪政体已经确立",
            "answer": [
                "B"
            ],
            "analysis": "【详解】本题是单类型单项选择题。据本题主题干的设问词，可知这是本质题。据本题时间信息可知准确时空是：1661年（英国）。根据材料“1661年，英国民兵法案宣布：民兵、海陆军队以及所有军事要塞和驻地的唯一最高的统辖权、指挥权和部署权，历来属于国王陛下，这是不容置疑的。议会两院或其中任何一院都不能也不应要求这种权力。”并结合所学可知，1661年，查理二世复辟斯图亚特王朝，再度开始了君主威权统治，可知国王力图巩固统治权力，B项正确；\n18世纪中后期，随着责任内阁制的不断完善，国王处于“统而不治”的地位，排除A项；1588年，英国打败了西班牙的“无敌舰队”，排除C项；1689年《权利法案》的颁布，英国确立了君主立宪政体，排除D项。故选B项。",
            "index": 19,
            "score": 4
        },
        {
            "year": "2023",
            "category": "全国乙卷",
            "question": "11. 20世纪30年代，美国出现了各种各样 法西斯组织。他们采用恐怖手段破坏工人集会，杀害共产党员、工会活动分子、黑人和犹太人。到1938年底，美国类似的组织至少有800多个。这一现象反映出当时美国（   ）\nA. 经济困境冲击社会秩序\tB. 开始推行自由放任主义\nC. 国家干预经济成效甚微\tD. 扩军备战引发统治危机",
            "answer": [
                "A"
            ],
            "analysis": "【详解】本题是单类型单项选择题。据本题主题干的设问词，可知这是本质题。根据材料“20世纪30年代，美国出现了各种各样的法西斯组织。他们采用恐怖手段破坏工人集会，杀害共产党员、工会活动分子、黑人和犹太人。到1938年底，美国类似的组织至少有800多个。”并结合所学可知，1929年至1933年美国爆发席卷世界的大危机，大危机进一步加深资本主义的矛盾，使得社会局势动荡不安，助长了法西斯势力以及各种破坏组织的出现，A项正确；\n第一次工业革命时期盛行的经济思想为自由主义的经济思想，主张自由竞争、自由贸易和自由发展，且胡佛执政时期一直坚持自由放任主义，“开始”一词不符合史实，排除B项；材料未涉及国家对经济的干预措施，其胡佛执政时期主要坚持自由放任主义，对经济干预的力度较弱，排除C项；美国此时并未进行扩军备战，排除D项。故选A项。",
            "index": 20,
            "score": 4
        },
        {
            "year": "2023",
            "category": "全国乙卷",
            "question": "12. 1960~1970年，发展中国家对发达资本主义国家的出口额从197.8亿美元增加到397.5亿美元，从发达资本主义国家的进口额也从218亿美元增加到413.6亿美元。在国际贸易中，发展中国家出口额比重从21.4%下降至17.6%。据此可知，该时期（   ）\nA. 世界经济格局发生根本性转变\tB. 规范化的世界贸易体系建立\nC. 南北国家之间的经济联系削弱\tD. 发展中国家的经济地位下降",
            "answer": [
                "D"
            ],
            "analysis": "【详解】本题是单类型单项选择题。据本题主题干的设问词，可知这是推断题。根据材料“在国际贸易中，发展中国家出口额比重从21.4%下降至17.6%。”可知发展中国家对发达资本主义国家的出口额和进口额一直在增多，但在国际贸易中，发展中国家出口额比重却在下降，由此可知发达国家的出口额不断增多，在世界出口额比重中占据较高比例，发达国家增加对外出口会挤压发展中国家本民族工业的发展空间，故发展中国家的经济地位下降，D项正确；\n此时世界经济格局并未发生根本性逆转，仍然是发达国家主导，排除A项；1995年世界贸易组织的建立，推动了规范化的世界贸易体系的建立，排除B项；根据材料“1960~1970年，发展中国家对发达资本主义国家的出口额从197.8亿美元增加到397.5亿美元，从发达资本主义国家的进口额也从218亿美元增加到413.6亿美元。”可知南北国家之间的经济联系不断增强，排除C项。故选D项。",
            "index": 21,
            "score": 4
        },
        {
            "year": "2023",
            "category": "新课标卷",
            "question": "1. 中国新石器时代晚期，南方的良渚文化与北方的龙山文化都呈现出向更高社会阶段发展的迹象，这主要表现在（   ）\nA. 公共墓地出现\tB. 农业的产生\tC. 贫富分化加剧\tD. 文字的使用",
            "answer": [
                "C"
            ],
            "analysis": "【详解】本题是单类型单项选择题。据本题主题干的设问词，可知这是本质题。据本题时间信息可知准确时空是：新时期时代晚期（中国）。据本题材料“南方的良渚文化与北方的龙山文化都呈现出向更高社会阶段发展的迹象。”并结合所学知识可知，新石器晚期生产力的发展和进步，生产力的进步推动了生产关系的变化，引发贫富分化和阶级分化，促使新时期时代的文化向更高社会阶段发展，C项正确；\n进入新石器时代后，人们有了比较固定的农业聚落，开始出现氏族的公共墓地，氏族墓地的出现是氏族血缘观念的集中体现之一，与材料内容不符，排除A项；农业的产生意味着新石器时代的开始，排除B项；汉字的产生首先是为政治和宗教服务的，文字的使用不是新时期时代的文化向更高社会阶段发展的主要表现，排除D项。故选C项。",
            "index": 22,
            "score": 4
        },
        {
            "year": "2023",
            "category": "新课标卷",
            "question": "2. 荀子是战国时期著名的儒家学者，他的学生韩非、李斯则是法家学派代表人物。下列能代表三人在治国方略上共同主张的是（   ）\nA. “起法正以治之，重刑罚以禁之”\nB. “尧舜之道，不以仁政，不能平治天下”\nC. “道之以德，齐之以礼，有耻且格”\nD. “绝仁弃义，民复孝慈；绝巧弃利，盗贼无有”",
            "answer": [
                "A"
            ],
            "analysis": "【详解】本题是单类型单项选择题。据本题主体干的设问词，可知这是正向题。据本题时间信息可知准确时空是：战国时期（中国）。据本题材料“荀子是战国时期著名的儒家学者，他的学生韩非、李斯则是法家学派代表人物。”并结合所学知识可知，“起法正以治之，重刑罚以禁之”出自荀子的《性恶》，意为对人民施以教化，使其明礼，用礼仪规范对其起到教化的作用。在礼仪教化的同时制定法律，对于违反礼仪教化的人予以制裁。用重刑法来禁止人们犯罪。使天下人能够符合治理要求，做守法良民。荀子主张礼法并用思想，治国理政要“隆礼”“重罚”，要求统治者要抓住这一根本问题，“起法正以治之,重刑罚以禁之”，以此达到天下有序、社会稳定的目的，所以A项能代表三人在治国方略上共同主张，A项正确；\n“尧舜之道，不以仁政，不能平治天下”出自孟子《孟子·离娄上》，意为即使有尧舜的学说，如果不以仁政为法度，也就不能治理好天下，与材料设问不符，排除B项；“道之以德，齐之以礼，有耻且格”出自孔子《论语·为政》，意为用政令来治理百姓，用刑法来整顿他们，老百姓只求能免于犯罪受惩罚，却没有廉耻之心；用道德引导百姓，用礼制去同化他们，百姓不仅会有羞耻之心，而且有归服之心，与材料设问不符，排除C项；“绝仁弃义，民复孝慈；绝巧弃利，盗贼无有”出自《老子·道经·第十九章》，意为抛弃聪明智巧，人民可以得到百倍的好处；抛弃仁义，人民可以恢复孝慈的天性；抛弃巧诈和货利，盗贼也就没有了，与材料设问不符，排除D项。故选A项。",
            "index": 23,
            "score": 4
        },
        {
            "year": "2023",
            "category": "新课标卷",
            "question": "3. 汉武帝时设置十三州部，州部可以推举秀才。东汉，“州里”“州闾”“州党”等语汇逐渐行用，意为同乡，州刺史被尊称为“使君”。东汉后期，以州为中心的地域观念逐渐形成，这在当时（   ）\nA. 推动了察举制度的形成\tB. 不利于统一国家的巩固\nC. 有利于抑制豪强的势力\tD. 强化了监察制度的效力",
            "answer": [
                "B"
            ],
            "analysis": "【详解】本题是多类型单项选择题。据本题次题干的提示词，可知这是本质题、影响题。据本题时间信息可知准确时空是：西汉汉武帝时期至东汉后期（中国）。据本题材料“州部可以推举秀才”，“东汉后期，以州为中心的地域观念逐渐形成。”并结合所学知识可知，汉灵帝中平五年（188年），刘焉上书认为天下无法安定，原因在于刺史权力太轻，朝廷于是改部分资深刺史为州牧，至此刺史（州牧）开始成为一州的军政长官，正式跃升为长吏、太守的上级，“州”开始正式作为行政区出现。\n东汉后期由于中央朝廷的持续衰弱，原本的“十三州”监察区开始正式成为行政区划，而其行政长官虽名义上仍由皇帝任免，但实际上已经脱离朝廷掌控，州刺史和州牧权力大增，对郡、县两级管理拥有绝对的管辖权。所以东汉后期，以州为中心的地域观念逐渐形成，不利于统一国家的巩固，B项正确；察举制，是中国古代选拔官吏的一种制度，它的确立时间是汉武帝元光元年，排除A项；东汉后期各州刺史、州牧开始正式划地自治，全面掌握辖区内军政财大权，而朝廷对此已经无能为力，不利于抑制豪强的势力，排除C项；材料此举增强了地方州长官的权利，弱化了监察制度的效力，排除D项。故选B项。",
            "index": 24,
            "score": 4
        },
        {
            "year": "2023",
            "category": "新课标卷",
            "question": "4. 如表关于唐人李元谅身世的三则史料中 ()\n\\begin{tabular}{|l|l|}\n\\hline 史料内容 & 来源 \\\\\n\\hline 本骆元光，姓安氏，其先安息人也。少为宦官骆奉先所养，冒 & 《旧唐书・李元 \\\\\n姓骆氏……贞元三年（787）……帝（唐德宗）念其勋劳，又赐 & 谅传》(五代刘 \\\\\n姓李氏，改名元谅。 & 䀦等撰） \\\\\n\\hline \\begin{tabular}{l} \n公本安姓, 讳元光, 其先安息王之贯也。轩辕氏甘五子在四裔 \\\\\n者, 此其一焉 $\\cdots \\cdots \\cdot$ (唐德宗) 赐姓李氏, 同属籍也。改名元 \\\\\n谅, 昭诚节也……贞元癸西岁 (793) 十有一月十五日, 薨于良 \\\\\n原镇之公馆, 享年六十七。\n\\end{tabular} & 《李元谅墓志》 \\\\\n\\hline \\begin{tabular}{l} \n公本名元光, 姓骆氏, 武威姑藏人 盖黄轩帝孙, 降居安息, \\\\\n高阳王 $\\square$, 留宅姑藏。\n\\end{tabular} & \\begin{tabular}{l} \n贞元五年 \\\\\n$(789)$ \\\\\n《李元谅颂碑》\n\\end{tabular} \\\\\n\\hline\n\\end{tabular}\nA. 《旧唐》的记载相对客观\nB. 所有的信息皆可互相证实\nC. 墓志采用了《旧唐书》记载\nD. 出现较早的史料最为真实",
            "answer": [
                "A"
            ],
            "analysis": "【详解】本题是单类型单项选择题。据本题主题干的设问词，可知这是推断题。据本题时间信息可知准确时空是：唐朝（中国）。据本题材料信息可知，李元谅原为安息人，后被唐朝统治者赐李姓，《旧唐书》属于官修正史，侧重于保存唐朝的第一手史料，记事比较详细，材料中关于唐人李元谅身世的内容属于历史叙述，相对客观，A项正确；《李元谅颂碑》中并无关于李元谅姓名由来的描述，因此“所有信息皆可互相证实”错误，排除B项；《李元谅墓志》为793年李元谅去世之后所立，属于唐朝后期，而《旧唐书》成书于五代，晚于《李元谅墓志》，因此墓志不可能采用《旧唐书》记载，排除C项；“出现较早的史料最为真实”说法过于绝对，排除D项。故选A项。",
            "index": 25,
            "score": 4
        },
        {
            "year": "2023",
            "category": "新课标卷",
            "question": "5. 我国东南沿海某港口，在15世纪只是一个“结茅而居”的渔村，到16世纪，已成为“繁华世界”，“宝货塞途，家家歌舞赛神，钟鼓管弦，连飙响答”，时称“小苏杭”。能够说明这一现象的是（   ）\nA. 朝贡贸易繁荣\tB. 农业生产技术进步\nC. 白银大量流入\tD. 海上丝绸之路兴起",
            "answer": [
                "C"
            ],
            "analysis": "【详解】本题是单类型单项选择题。据本题主题干的设问词，可知这是正向题。据本题时间信息可知准确时空是：15-16世纪（中国）。根据材料可知16世纪，我国东南沿海某港口贸易增多，商品经济发展，城市繁荣，结合所学，这一时期，新航路开辟，世界贸易增多，中国手工业产品迅速发展，在对外贸易中占优势，因此白银大量流入中国，促进了东南沿海港口城市的兴起，C项正确；\n明朝在朝贡贸易中采取“免征税”“给予赏赐”等优待政策，“厚往薄来”，加重了政府的财政负担，对东南沿海港口城市兴起作用有限，排除A项；材料强调明朝的对外贸易，与农业生产技术进步无关，排除B项；海上丝绸之路是古代中国与外国交通贸易和文化交往的海上通道，形成于秦汉，兴于唐宋，衰落于明清时期的海禁、闭关锁国政策，排除D项。故选C项。",
            "index": 26,
            "score": 4
        },
        {
            "year": "2023",
            "category": "新课标卷",
            "question": "6. 1910年，长沙爆发抢米风潮。具有地方议会性质的湖南洛议局致电军机处，请求朝廷撤换处置失当的巡抚，谘议局议长和士绅联名致电湖广总督瑞澂。瑞澂认为该士绅等“迹近干预”，上奏朝廷：“巡抚乃系疆臣，用舍尤应钦定。”这表明（   ）\nA. 新政强化了清廷权威\tB. 谘议局架空了督抚权力\nC. 地方势力控制了官场\tD. 士绅阶层民主意识增强",
            "answer": [
                "D"
            ],
            "analysis": "【详解】本题是单类型单项选择题。据本题主题干的设问词，可知这是本质题。据本题时间信息可知准确时空是：晚清时期的中国。据材料“1910 年” 具有“谘议局议长和士绅” “请求朝廷撤换处置失当的巡抚”并结合所学可知，当时正值清末“预备立宪”时期，模仿西方地方议会的谘议局在各省逐渐建立，士绅联合谘议局对朝政提出批评建议，引起专制守旧官员的不满，所以材料可以说明士绅阶层民主意识增强，D项正确；\n结合所学可知，清末新政在推行过程中更激化了社会矛盾，不利于强化清廷权威，排除A项；据材料“上奏朝廷” “巡抚乃系疆臣，用舍尤应钦定”可以得出谘议局并未架空了督抚权力，地方势力并未控制官场，排除B、C项。故选D项。",
            "index": 27,
            "score": 4
        },
        {
            "year": "2023",
            "category": "新课标卷",
            "question": "7. 如表是中国民族资本构成比重表 (\\%)，如表可以反映出 $(\\cdots)$\n\\begin{tabular}{|l|l|l|l|l|}\n\\hline & 1894 年 & 1913 年 & 1920 年 & 1936 年 (不包括东北) \\\\\n\\hline 产业资本 & 2.28 & 11.64 & 14.84 & 21.36 \\\\\n\\hline \\begin{tabular}{l} \n商业资本 \\\\\n金融业资\n\\end{tabular} & 74.89 & 67.30 & 58.87 & 50.55 \\\\\n本 & 22.83 & 21.06 & 26.29 & 28.09 \\\\\n\\hline\n\\end{tabular}\nA. 民族工业呈现发展趋势\nB. 商业贸易日益萎缩\nC. 近代金融体系臻于完善\nD. 经济结构逐渐失衡",
            "answer": [
                "A"
            ],
            "analysis": "【详解】本题是单类型单项选择题。据本题主题干的设问词，可知这是本质题。据本题时间信息可知准确时空是：近代中国。据材料数据可知1894年至1936年中国“产业资本在民族资本中所占比重”总体上呈现上升趋势，结合所学，甲午战后、辛亥革命后、一战期间、南京国民政府统治前期，中国民族工业获得了多次发展机会，民族工业有了很大的发展，所以表格可以反映出民族工业呈现发展趋势，A项正确；\n表格中商业资本所占比重有所下降，但不等于这一时期中国“商业贸易”日益“萎缩”，排除B项；在半殖民地半封建社会的国情下，中国近代金融体系没有臻于完善，C项不符合史实，排除C项；材料仅涉及了民族资本，不能得出经济结构是否逐渐失衡，而且结合所学“产业资本不断发展”会减轻产业结构的失衡问题，排除D项。故选A项。",
            "index": 28,
            "score": 4
        },
        {
            "year": "2023",
            "category": "新课标卷",
            "question": "8. 公元前18世纪，西亚地区的一部法典规定：“此后千秋万世，国中之王必遵从我在我的石柱上所铭刻的正义言词，不得变更我所决定的司法判决，我所确立的司法裁定，不得破坏我的创制。”这一规定（   ）\nA. 强调波斯君主专制的权力来源\tB. 宣示了古巴比伦国王的至上权威\nC. 标榜亚述帝国君主的军事成就\tD. 规范了埃及对尼罗河流域的统治",
            "answer": [
                "B"
            ],
            "analysis": "【详解】本题是多类型单项选择题。据本题次题干的提示词，可知这是本质题、影响题。据本题时间信息可知准确时空是：公元前18世纪（西亚地区）。据本题材料时间“公元前18世纪”，“不得变更我所决定的司法判决，我所确立的司法裁定，不得破坏我的创制。”并结合所学知识可知，材料内容为《汉谟拉比法典》结束语内容，该法典是中东地区的古巴比伦国王汉谟拉比大约在公元前1776年颁布的法律汇编，是最具代表性的楔形文字法典，也是世界上现存的第一部比较完备的成文法典。\n材料强调他的法典的不可破坏性，谁敢破坏、不遵守法典，就将遭到严惩，以保护法典的权威性。《汉谟拉比法典》的制定也是中东地区的古巴比伦王国奴隶制中央集权强大的标志之一，它消除了原来各城邦的立法，把全国法令统一起来，材料内容宣示了古巴比伦国王的至上权威，B项正确；波斯帝国的存续时间是公元前550年—公元前330年，与材料时间不符，排除A项；亚述帝国的存续时间是公元前935年—公元前612年，与材料时间不符，排除C项；公元前3100年左右，非洲尼罗河流域的上埃及与下埃及完成统一，古埃及进入早王朝时，与材料时间内容不符，排除D项。故选B项。",
            "index": 29,
            "score": 4
        },
        {
            "year": "2023",
            "category": "新课标卷",
            "question": "9. 有学者认为，直到13世纪，拜占庭人才被迫接受如下现实：他们的皇帝已经不具备所称的“统治全人类”的能力，皇帝的许可与授权已失去意义。这可以用来说明（   ）\nA. 限制君主权力的思想广泛传播\tB. 地跨亚非欧三洲的奥斯曼帝国形成\nC. 地中海地区出现资本主义萌芽\tD. 东罗马帝国疆域的缩减及国力损耗",
            "answer": [
                "D"
            ],
            "analysis": "【详解】本题是单类型单项选择题。据本题主题干的设问词，可知这是本质题。据本题时间信息可知准确时空是：13世纪（东罗马帝国）。据本题材料时间“13世纪”，“他们的皇帝已经不具备所称的‘统治全人类’的能力，皇帝的许可与授权已失去意义。”并结合所学知识可知，由于阿拉伯帝国的扩张，东罗马帝国领土日益缩小，第4次十字军东侵期间（1202～1204），西欧封建主占领了君士坦丁堡及帝国的大部，建立拉丁帝国，东罗马残余势力退至小亚细亚，建立尼西亚帝国，1261年复国，国力更加衰落，14世纪初开始，又面临奥斯曼土耳其的严重威胁，1453年，土耳其人攻陷君士坦丁堡，东罗马帝国灭亡。由于东罗马帝国疆域的缩减及国力损耗，导致材料中拜占庭人认为皇帝的许可与授权已失去意义，D项正确；\n限制君主权力的思想最早出现于15世纪，由著名律师傅德斯古爵士明确提出限制君王权力的主张，这与材料时间不符，排除A项；奥斯曼帝国创建时间始于1299年，1453年奥斯曼土耳其人攻占君士坦丁堡，灭亡拜占庭帝国，将君士坦丁堡改名伊斯坦布尔，定为奥斯曼帝国的首都，地跨亚非欧三洲的奥斯曼帝国形成，13世纪时奥斯曼帝国处于初建阶段，排除B项；14世纪前后，欧洲地中海区域的意大利出现了资本主义萌芽，排除C项。故选D项。",
            "index": 30,
            "score": 4
        },
        {
            "year": "2023",
            "category": "新课标卷",
            "question": "11. 1854~1868年间，日本出版了涉及自然科学、社会科学、政治思想和军事等方面的译著或著作达数百部。此外，幕藩及其开办的各类讲习所聘请各国专家直接授课或指导技术实践。这一系列举措（   ）\nA. 摧毁了封建守旧势力的统治基础\tB. 实现了西方科技的本土化\nC. 表明日本走上了军国主义的道路\tD. 有助于推动日本的近代化",
            "answer": [
                "D"
            ],
            "analysis": "【详解】本题是多类型单项选择题。根据次题干设问词可知本题是本质题、影响题。时空是：1854~1868年（日本）。根据材料的时间信息，以及材料内容可知，本题主旨是近代日本学习西方的政治、军事、科技等内容，这些举措有利于推动日本政治、军事以及科技的近代化，D项正确；这些举措只能说打击了封建势力，不能说摧毁了，排除A项；日本只是学习西方科技，还达不到西方科技本土化的程度，排除B项；军国主义是指崇尚武力和军事扩张，将穷兵黩武和侵略扩张作为立国之本，把国家完全置于军事控制之下，使政治、经济、文教等国家生活的各个方面均服务于扩军备战和对外战争的思想和政治制度，材料的主旨是学习西方制度和技术，无法得出日本走上军国主义道路，排除C项。故选D项。",
            "index": 31,
            "score": 4
        },
        {
            "year": "2023",
            "category": "新课标卷",
            "question": "12. 一些发达国家认为，发展中国家爆炸式的人口增长、对自然资源的盲目开采和短视的经济政策是造成当今环境恶化的主要原因，提出环境问题“共同责任论”，要求发展中国家承担与发达国家相同的环境责任。该主张意在（   ）\nA. 公平公正地解决全球的环境问题\tB. 合理利用资源和建立世界新秩序\nC. 推卸发达国家应承担的历史责任\tD. 承认发展中国家的重要国际地位",
            "answer": [
                "C"
            ],
            "analysis": "【详解】本题是单类型单项选择题。根据主题干设问词可知本题是目的题。时空是：当代世界。根据材料“一些发达国家，要求发展中国家承担与发达国家相同的环境责任”，结合所学知识可知，近代发达国家在发展的过程中造成了严重的环境问题，如今，发达国家普遍实现经济转型，发展中国家正在经济发展的过程中，如果这一时期要求发展中国家承担与发达国家相同的环境责任，这是企图扼杀发展中国家的经济发展，也是推卸其发展过程中造成环境问题应承担的历史责任，故发达国家的这一主张主要目的就是要扼杀发展中国家的经济发展， 推卸应承担的历史责任，维护本国利益，C项正确；\n根据以上分析可知，目的是推卸责任，维护本国利益，而不是公平公正地解决全球的环境问题，排除A项；当前秩序是维护发达国家利益的，发达国家并不希望建立新的秩序，排除B项；承认发展中国家的重要国际地位，并不是其目的，只是发达国家扼杀发展中国家的经济发展， 推卸应承担的历史责任，维护本国利益的手段，排除D项。故选C项。",
            "index": 32,
            "score": 4
        }
    ]
}