{
    "keywords": "2023_Political_Science_MCQs",
    "example": [
        {
            "year": "2023",
            "category": "全国甲卷",
            "question": "1. 马克思劳动价值论认为，劳动是劳动者的体力和脑力的支出；劳动者通过就业取得报酬，从而获得生活来源，使社会劳动力能够不断地再生产。下列属于劳动力再生产所需费用的是（   ）\n①房租\n②教育培训费\n③旅游支出\n④娱乐平台会员费\nA. ①②\tB. ①③\tC. ②④\tD. ③④",
            "answer": [
                "A"
            ],
            "analysis": "【详解】①：劳动力再生产所需费用，是劳动者恢复劳动力所需的各种资料的价格总和，包括基本食物、衣物、住宿和医疗的费用，①入选。\n②：马克思劳动价值论认为，劳动力扩大再生产费用，包括养家糊口、教育培训等活动所需的各种物质资料和服务的价值总和，故②符合题意。\n③④：旅游支出和娱乐平台会员费均不属于劳动力再生产所需费用，③④排除。\n故本题选A。",
            "index": 0,
            "score": 4
        },
        {
            "year": "2023",
            "category": "全国甲卷",
            "question": "2. 甲企业主要从事某种产品的代加工业务，使用境外客户提供的商标、关键零部件进行生产，由境外客户负责产品销售，获得的加工费占销售价格的5%。甲企业为改变其在产业链中的分工地位，实现转型发展，可采取的策略是（   ）\n①扩大现有生产规模，增大产品利润空间\n②拓宽境外客户来源，提高出口议价能力\n③加强核心技术攻关，开发生产自有产品\n④培育发展自有品牌，自主建立营销渠道\nA. ①②\tB. ①③\tC. ②④\tD. ③④",
            "answer": [
                "D"
            ],
            "analysis": "【详解】③④：该企业之所以在产业链中处于不利地位，主要在于其缺乏具有自主知识产权的品牌，只能从事代加工业务，因而利润微薄。若甲企业想改变其在产业链中的分工地位，实现转型发展，就需要向产业链两端发展，加强核心技术攻关，开发生产自有产品；同时培育发展自有品牌，自主建立营销渠道，③④入选。\n①：扩大生产规模并不一定能增大利润空间，而且并不能改变其在产业链分工中利润微薄的不利局面，①排除。\n②：材料中该企业只是承揽为国外的某种产品进行代加工业务，并不负责产品销售，得到的是及其微博的加工费，它自身根本不具有出口议价能力，②不符合题意。\n故本题选D ",
            "index": 1,
            "score": 4
        },
        {
            "year": "2023",
            "category": "全国甲卷",
            "question": "3. 2022年12月，中央经济工作会议将“着力扩大国内需求”作为2023年经济工作的重要任务，强调要继续实施积极的财政政策和稳健的货币政策，坚持经济运行稳字当头、稳中求进。以下政策举措有助于扩大国内需求的是（   ）\n①加强对服务消费的金融支持\n②减少地方政府专项债券发行\n③加大对民生工程建设的投入\n④提高商业银行法定存款准备金率\nA. ①②\tB. ①③\tC. ②④\tD. ③④",
            "answer": [
                "B"
            ],
            "analysis": "【详解】①：加大服务消费金融支持，属于稳健的货币政策，有利于促进消费，有助于扩大国内需求，①正确。\n②：减少地方政府专项债权发行，地方财政支出减少，投资的力度下降，属于紧缩的财政政策，不利于扩大国内需求，②不符合题意。\n③：加大对民生工程建设的投入，发挥财政对民生领域的支持作用，增加政府财政支出，属于积极的财政政策，有助于扩大国内需求，③正确。\n④：提高商业银行法定存款准备金率，信贷规模收缩，流通中的货币量减少，属于紧缩性的货币政策，不利于扩大国内需求，④不符合题意。\n故本题选B。",
            "index": 2,
            "score": 4
        },
        {
            "year": "2023",
            "category": "5. 《证券期货业网络和信息安全管理办法》于2023年5月1日正式实施。该《办法》要求经营机构对收集客户生物特征的必要性和安全性进行风险评估，明确“不得将人脸、步态、指纹、虹膜、声纹等生物特征作为唯一的客户身份认证方式，强制客户同意收集其个人生物特征信息”。这一规定旨在（   ）\n①消除证券期货业经营风险\n②维护经营机构信息安全\n③保护客户的隐私和个人信息\n④规范经营机构的信息收集行为\nA. ①②\tB. ①④\tC. ②③\tD. ③④",
            "question": "5. 《证券期货业网络和信息安全管理办法》于2023年5月1日正式实施。该《办法》要求经营机构对收集客户生物特征的必要性和安全性进行风险评估，明确“不得将人脸、步态、指纹、虹膜、声纹等生物特征作为唯一的客户身份认证方式，强制客户同意收集其个人生物特征信息”。这一规定旨在（   ）\n①消除证券期货业经营风险\n②维护经营机构信息安全\n③保护客户的隐私和个人信息\n④规范经营机构的信息收集行为\nA. ①②\tB. ①④\tC. ②③\tD. ③④",
            "answer": [
                "D"
            ],
            "analysis": "【详解】①：材料中的规定旨在保护客户个人信息、规范经营机构的信息收集行为，但无法“消除证券期货业经营风险”，①说法错误。\n②：材料中的规定旨在保护客户个人信息权益，而不是维护经营机构的信息安全，②不符合题意。\n③：“不得将人脸、步态、指纹……等生物特征作为唯一的客户身份认证方式”的规定，说明经营机构不得违反必要原则，同时应当对其安全性进行风险评估，要注重保护客户的隐私和个人信息，③符合题意。\n④：“不得强制客户同意收集其个人生物特征信息”的规定，说明经营机构应当遵循合法、正当原则，规范自身的信息收集行为，收集客户信息要征得客户的同意，④符合题意。\n故本题选D。",
            "index": 3,
            "score": 4
        },
        {
            "year": "2023",
            "category": "全国甲卷",
            "question": "6. 国务院印发的《“十四五”国家老龄事业发展和养老服务体系规划》要求，各地要根据财政承受能力，出台基本养老服务清单，对健康、失能、经济困难等不同老年人群体，分类提供养老保障、生活照料、康复照护、社会救助等适宜服务。对上述要求理解正确的有（   ）\n①市场是提高养老服务水平的决定性因素\n②推动老龄事业发展要尽力而为、量力而行\n③提供基本养老服务产品属于中央政府的事权\n④保障基本养老服务是地方政府职能的重要内容\nA. ①②\tB. ①③\tC. ②④\tD. ③④",
            "answer": [
                "C"
            ],
            "analysis": "【详解】①：材料强调各地要根据财政承受能力，出台基本养老服务清单，这体现了社会保障水平与经济社会发展相适应。经济发展是社会保障的基础，是提高养老服务水平的决定性因素，①表述错误。\n②：“各地要根据财政承受能力”，表明推动老龄事业发展要量力而行；“各地要出台基本养老服务清单，对相关老年群体提供适宜服务”，这表明推动老龄事业发展要尽力而为，②正确切题。\n③：中央政府主要从宏观上谋划基本养老服务事业，提供基本养老服务产品属于微观层面事务，③错误。\n④：国务院就老龄事业发展和养老服务体系对各地政府提出要求，这表明保障基本养老服务是地方政府职能的重要内容，④正确切题。\n故本题选C。",
            "index": 4,
            "score": 4
        },
        {
            "year": "2023",
            "category": "全国甲卷",
            "question": "9. 2022年中央广播电视总台春节联欢晚会上，舞蹈诗剧《只此青绿》以一股“青”流博得满堂彩。该节目把舞蹈与国画相结合，通过“青绿腰”等舞蹈动作生动演示了北宋名画《千里江山图》，把中国画“舞”活了，彰显出中华优秀传统文化的艺术张力和无穷魅力。这一现象反映的道理有（   ）\n①优秀传统文化是艺术创新的源泉和动力\n②文化创新是繁荣发展民族文化的必由之路\n③对传统文化的批判性继承是文化创新的根基\n④大众对传统文化的认同依赖于艺术形式的创新\nA. ①②\tB. ①④\tC. ②③\tD. ③④",
            "answer": [
                "C"
            ],
            "analysis": "【详解】①：社会实践是艺术创新的源泉和动力，①排除。\n②③：舞蹈诗剧《只此青绿》以一股“青”流博得满堂彩。该节目把舞蹈与国画相结合，通过“青绿腰”等舞蹈动作生动演示了北宋名画《千里江山图》，把中国画“舞”活了，彰显出中华优秀传统文化的艺术张力和无穷魅力。这种文化创新，是对传统文化的批判性继承。而这种批判性继承，也是文化创新的根基，有利于繁荣发展民族文化，②③正确。\n④：传统文化具有两面性，有精华也有糟粕。大众对优秀传统文化的认同，根本上还是依赖于对其内涵与当代价值的认同而非对其创新艺术形式的认同，④排除。\n故本题选C。",
            "index": 5,
            "score": 4
        },
        {
            "year": "2023",
            "category": "全国甲卷",
            "question": "10. 党的二十大报告强调，只有把马克思主义基本原理同中国具体实际相结合、同中华优秀传统文化相结合，坚持运用辩证唯物主义和历史唯物主义，才能正确回答时代和实践提出的重大问题，才能始终保持马克思主义的蓬勃生机和旺盛活力。坚持和发展马克思主义，必须同中华优秀传统文化相结合，因为（  ）\n①马克思主义具有吸收各种不同思想文化的开放性\n②中华优秀传统文化赋予马克思主义鲜明的中国特色\n③马克思主义提供了传承发展中华优秀传统文化的具体方案\n④中华优秀传统文化能够促进马克思主义为中国人民所喜爱、所认同、所拥有\nA. ①②\tB. ①③\tC. ②④\tD. ③④",
            "answer": [
                "C"
            ],
            "analysis": "【详解】①：马克思主义吸收各种优秀或先进的思想文化，而不是吸收各种不同思想文化，①排除。\n②④：坚持和发展马克思主义，必须同中华优秀传统文化相结合，就是因为中华优秀传统文化赋予马克思主义鲜明的中国特色，能够促进马克思主义为中国人民所喜爱、所认同、所拥有，②④正确。\n③：马克思主义提供传承发展中华优秀传统文化的一般性指导，而不提供具体方案，③排除。\n故本题选C。",
            "index": 6,
            "score": 4
        },
        {
            "year": "2023",
            "category": "全国甲卷",
            "question": "11. 在讲究效率、与时间赛跑的时代，“治愈”“解压”“诗和远方”等网络热词在青年群体中广泛传播，面对成长中的挑战与困难不“躺平”、不消沉、不抱怨，而是主动营造“治愈瞬间”、仔细体味“幸福时刻”，让人生充满温暖与亮色，成为青年人进行心理调适、积蓄昂扬斗志的新手段。这说明（   ）\n①价值观正确与否取决于人们的价值评价\n②价值观是社会存在的反映并随其发展而变化\n③价值观往往因人而异，都应当得到包容与认同\n④价值观对人生道路和生活方式的选择有着重要影响\nA. ①②\tB. ①③\tC. ②④\tD. ③④",
            "answer": [
                "C"
            ],
            "analysis": "【详解】①：价值观正确与否，不是取决于人们的价值评价，而是取决于是否遵循社会发展的客观规律和是否站在最广大人民的立场上，①排除。\n②：在讲究效率、与时间赛跑的时代，“治愈”“解压”“诗和远方”等网络热词在青年群体中广泛传播，这表明价值观是社会存在的反映并随其发展而变化，②正确。\n③：价值观是两面性，不是所有的价值观而是只有正确的价值观才应当得到包容与认同，③排除。\n④：面对成长中的挑战与困难不“躺平”、不消沉、不抱怨，而是主动营造“治愈瞬间”、仔细体味“幸福时刻”，让人生充满温暖与亮色，成为青年人进行心理调适、积蓄昂扬斗志的新手段。这说明价值观对人生道路和生活方式的选择有着重要影响，④正确。\n故本题选C。",
            "index": 7,
            "score": 4
        },
        {
            "year": "2023",
            "category": "全国甲卷",
            "question": "12. 党的二十大相关工作网络征求意见活动于2022年4月15日至5月16日开展，在人民日报社、新华社、中央广播电视总台所属官网、新闻客户端以及“学习强国”学习平台分别开设专栏，听取全社会意见建议，累计收到网民建言854.2万余条，为党的二十大相关工作提供了有益参考。从中获得的启示是（   ）\n①人民群众的利益和诉求是制定决策的重要依据\n②坚持党的群众路线需要探索创新有效的实现形式\n③人是社会历史主体，每个人都推动社会历史发展\n④只要坚持“到群众中去”，就能实现“从群众中来”\nA. ①②\tB. ①④\tC. ②③\tD. ③④",
            "answer": [
                "A"
            ],
            "analysis": "【详解】①②：党的二十大相关工作通过网络等媒体全社会意见，这为党的二十大相关工作提供有益参考，这说明人民群众的利益和诉求是制定决策的重要依据，也说明坚持党的群众路线需要探索创新有效的实现形式，①②正确切题。\n③：人民群众是社会历史的主体，是对社会历史起推动作用的人们，而不是“人是社会历史主体”，也不是“每个人都推动社会历史发展”，③表述错误。\n④：从辩证法的角度看，从群众中来到群众中去的工作方法体现的是矛盾普遍性和特殊性的辩证关系。从群众中来，是问题的上传，从一个一个的问题中找出共性，研究出对策，到群众中去，用于指导解决群众的问题。所以应该是只有从群众中来，才能到群众中去，这才符合认识事物的秩序，④错误。\n故本题选A。",
            "index": 8,
            "score": 4
        },
        {
            "year": "2023",
            "category": "全国乙卷",
            "question": "1. 劳动课程成为义务教育阶段一门独立课程后，一些企业加大了儿童劳动工具的开发与生产，销售市场也不断升温，如浙江义乌小商品市场儿童使用的锅、碗、炉、勺、铲等厨具销售火爆。上述现象反映的经济道理是（   ）\n①生产决定消费的内容，生产什么就消费什么\n②市场需求引导供给，市场需要什么就生产什么\n③生产为消费创造动力，供给转型才能扩大需求\n④消费对生产有反作用，新消费热点催生新生产业态\nA. ①③\tB. ①④\tC. ②③\tD. ②④",
            "answer": [
                "D"
            ],
            "analysis": "【详解】②④：劳动课程成为义务教育阶段一门独立课程后，一些企业加大了儿童劳动工具的开发与生产，销售市场也不断升温，这说明消费对生产有反作用，新消费热点催生新生产业态；劳动课程成为义务教育阶段一门独立课程会刺激儿童劳动工具的市场需求，这时企业加大儿童劳动工具的开发与生产，说明市场需求引导供给，市场需要什么就生产什么，②④正确。\n①③：材料强调的是消费对生产的反作用，不是强调生产对消费的决定作用，且“供给转型才能扩大需求”说法过于绝对，①③排除。\n故本题选D。",
            "index": 9,
            "score": 4
        },
        {
            "year": "2023",
            "category": "全国乙卷",
            "question": "2. 某农机企业为了推广智能农业机械，推出一种新的营销服务模式。该模式允许农户选择短期租赁、系统代运营服务，农户支付较低服务费用后获得业务支持，如播种、杂草控制、施肥、灌溉、土壤分析等。目前，这种服务模式得到大面积推广。该模式被市场广泛认同的原因在于（   ）\n①减少农机研发成本，扩大农机生产规模\n②推动智能化生产，提高农产品销售价格\n③加速农机运营周转，增加农机使用效益\n④降低农户生产劳动强度，提高经营效率\nA. ①②\tB. ①③\tC. ②④\tD. ③④",
            "answer": [
                "D"
            ],
            "analysis": "【详解】③④：某农机企业推出的营销服务模式允许农户选择短期租赁、系统代运营服务，农户支付较低服务费用后获得业务支持，被市场广泛认同。这是因为该模式能够加速农机运营周转，降低农户生产劳动强度，增加农机使用效益，提高经营效率，③④正确。\n①：材料中的营销服务模式只需要农户支付较低服务费用，因此可以减少农民种植的成本，既减少使用农机的成本，材料并不涉及农机研发成本问题，①排除。\n②：材料中的营销服务模式有利于推动智能化农业生产，提高农业劳动生产率，如果不考虑其他因素，这会使农产品价格降低，而不是提高，②排除。\n故本题选D。",
            "index": 10,
            "score": 4
        },
        {
            "year": "2023",
            "category": "全国乙卷",
            "question": "3. 《管子》中记载：鲁梁两国百姓惯于织绨（古代一种织物）。齐国禁止国内织绨并要求所需绨服全部从鲁梁购买，同时齐桓公带头穿绨服，百姓纷纷仿效，结果绨价大涨。鲁梁国君遂要求百姓少种粮而全力发展绨业。然而一年多后，齐桓公率百姓改穿帛服，并封闭关卡与鲁梁断绝经济往来。很快鲁梁粮价飞涨，百姓陷入饥荒，纷纷投奔齐国。三年后，鲁梁臣服于齐国。从中可获得的启示是（   ）\n①粮食安全是一国经济安全的底线\n②生产分工会加剧一国经济发展不平衡\n③经济结构单一存在潜在经济风险\n④对外贸易畅通是一国经济发展的保证\nA. ①③\tB. ①④\tC. ②③\tD. ②④",
            "answer": [
                "A"
            ],
            "analysis": "【详解】①③：齐国的策略，成功推动鲁梁两国少种粮而全力发展绨业，之后因齐国调整政策，鲁梁两国陷入饥荒，被迫臣服于齐国，这表明粮食安全是一国经济安全的底线，经济结构单一存在潜在经济风险，①③正确。\n②：生产领域的国际分工与协作不断深化加强，是经济全球化发展的趋势。生产的合理分工，共同协作的完成，可以充分发挥各国的比较优势，推动世界范围内资源配置效率提高、科技进步、产业转移与结构升级，为世界经济发展提供强劲动力。因此生产分工不一定会加剧一国经济发展不平衡，②排除。\n④：对外贸易畅通，有助于促进一国经济发展。但一国经济发展，根本上还是要依赖于自身，④排除。\n故本题选A。",
            "index": 11,
            "score": 4
        },
        {
            "year": "2023",
            "category": "全国乙卷",
            "question": "5. 某地启动实施“党建聚力服务民生”专项行动，采取多种途径了解群众诉求，构建起区、街道、社区、小区纵向联动和街道社区、驻地单位、行业系统横向互通工作机制。2022年以来，确定街道、社区重点民生实事项目106个。到2023年初，累计投入资金3370余万元，完成率达98.1%,群众满意度达98.7%。该地惠民政策落实到位（   ）\n①取决于经济组织和街道社区的纵向联动\n②有赖于基层政府的机构调整和职能优化\n③得益于建立高效便捷的民生诉求解决机制\n④关键在于强化党建引领，提高社会综合治理能力\nA. ①②\tB. ①③\tC. ②④\tD. ③④",
            "answer": [
                "D"
            ],
            "analysis": "【详解】①：某地启动实施“党建聚力服务民生”专项行动，采取多种途径了解群众诉求，构建起区、街道、社区、小区纵向联动和街道社区、驻地单位、行业系统横向互通工作机制，这表明经济组织和街道社区是横向联动，不是纵向联动，①排除。\n②：启动实施“党建聚力服务民生”专项行动，采取多种途径了解群众诉求，构建的这一互通工作机制，没有涉及基层政府的机构调整，②排除。\n③：2022年以来确定街道、社区重点民生实事项目106个。到2023年初，累计投入资金3370余万元，完成率达98.1%，群众满意度达98.7%。该地惠民政策落实到位，得益于建立高效便捷的民生诉求解决机制，③正确。\n④：启动实施“党建聚力服务民生”专项行动，表明关键在于强化党建引领，提高社会综合治理能力，④正确。\n故本题选D。",
            "index": 12,
            "score": 4
        },
        {
            "year": "2023",
            "category": "全国乙卷",
            "question": "6. 为进一步贯彻实施行政处罚法，国务院发出通知，要求行政机关设置电子技术监控设备要确保符合标准、设置合理、标志明显，严禁违法要求当事人承担或者分摊设置电子技术监控设备的费用，严禁交由市场主体设置电子技术监控设备并由市场主体直接或者间接收取罚款。上述规定旨在（   ）\n①规范行政处罚行为，提升执法效率\n②促进监控设备合理利用，强化执法力度\n③推进依法行政，保护当事人的合法权益\n④厘清政府和市场关系，明确行政主体责任\nA. ①②\tB. ①③\tC. ②④\tD. ③④",
            "answer": [
                "D"
            ],
            "analysis": "【详解】③④：国务院发出的通知，对行政机关设置电子技术监控设备提出明确要求，旨在进一步贯彻实施行政处罚法 ，推进依法行政，保护当事人的合法权益，厘清政府和市场关系，明确行政主体责任 ，③④正确。\n①②：材料主要强调规范执法行为，没有涉及提升行政机关的执法效率，没有涉及强化执法力度，①②排除。\n故本题选D。",
            "index": 13,
            "score": 4
        },
        {
            "year": "2023",
            "category": "全国乙卷",
            "question": "7. 截至2022年6月，中国同发展中国家建立农业合作区并派遣大批专家和技术人员，推广农业技术1000多项，带动项目区农作物平均增产30%～60%，超过150万农户从中受益。中国重视同发展中国家的农业科技交流，是因为（   ）\n①中国的农业科技水平居于世界领先地位\n②发展中国家的发展关系到世界的稳定和繁荣\n③中国在解决发展中国家粮食安全问题上负有直接责任\n④中国外交长期致力于缩小南北发展差距、消除发展赤字\nA. ①②\tB. ①③\tC. ②④\tD. ③④",
            "answer": [
                "C"
            ],
            "analysis": "【详解】①：“十三五”发展报告发布我国农业科技整体实力进入世界前列，我国农业科技水平已从世界第二方阵迈入第一方阵，处于发展中国家领先地位，但不是世界领先地位，①排除。\n②④：中国重视同发展中国家 农业科技交流，是因为发展中国家的发展关系到世界的稳定和繁荣 ，中国外交长期致力于缩小南北发展差距、消除发展赤字，②④正确。\n③：保障粮食安全，解决发展中国家粮食安全问题，表明中国展现大国担当，但这不是我国的直接责任，③排除。\n故本题选C。",
            "index": 14,
            "score": 4
        },
        {
            "year": "2023",
            "category": "全国乙卷",
            "question": "8. 近年来，乡村球赛“火”了。村民把十里八乡的篮球赛亲切地称为“村BA”，把足球赛称为“村界杯”。这种贴近村民生活、步入烟火人间的草根球赛推动了全民健身运动在乡村的蓬勃开展，丰富了乡村的文化生活，也带来了经济效益和社会效益。由此可见（   ）\n①健康文明的文化活动可以满足村民对美好生活的期盼\n②乡村文化阵地需要用先进的、健康有益的文化去占领\n③村民需要和接受的文化，就是值得倡导和扶持的文化\n④丰富乡村文化生活是乡村精神文明建设的主要任务\nA. ①②\tB. ①③\tC. ②④\tD. ③④",
            "answer": [
                "A"
            ],
            "analysis": "【详解】①②：“村BA”、“村界杯”等近村民生活、步入烟火人间的草根球赛推动了全民健身运动在乡村的蓬勃开展，丰富了乡村的文化生活，也带来了经济效益和社会效益。由此可见，健康文明的文化活动可以满足村民对美好生活的期盼，因此，乡村文化阵地需要用先进的、健康有益的文化去占领，①②正确。\n③：村民需要和接受的文化未必是先进的文化，并非都是值得倡导和扶持的，③错误。\n④：丰富乡村文化生活是乡村精神文明建设的目的，而不是任务，④错误。\n故本题选A。",
            "index": 15,
            "score": 4
        },
        {
            "year": "2023",
            "category": "全国乙卷",
            "question": "10. 农村，这个曾被一些人视为“穷困”“闭塞”“落后”的地方，如今正吸引着越来越多的人去创业。据统计，2012年至2022年底，全国返乡入乡创业人员累计达1220万人。从过去“争相跳农门”变成“我要回农村”,说明（   ）\n①任何价值观和价值判断都是对社会存在的能动反映\n②正确的价值观和价值判断源于主体的知识和能力\n③价值观和价值判断对人们的行为选择发挥着重要作用\n④价值观和价值判断正确与否取决于其对主体的实践能否发挥导向作用\nA. ①②\tB. ①③\tC. ②④\tD. ③④",
            "answer": [
                "B"
            ],
            "analysis": "【详解】①③：随着乡村战略的实施，城乡融合发展，我国农村发生了翻天覆地的变化，因此人们对农村的认识从过去“争相跳农门”变成“我要回农村”，说明任何价值观和价值判断都是对社会存在的能动性反映，体现了价值观和价值判断对人们的行为选择发挥着重要作用，①③正确。\n②：正确的价值观和价值判断作为一种社会意识，源于实践，而不是主体的知识和能力，②错误。\n④：价值观和价值判断正确与否取决于是否遵循社会发展的客观规律和是否站在最广大人民的立场上，④错误。\n故本题选B。",
            "index": 16,
            "score": 4
        },
        {
            "year": "2023",
            "category": "全国乙卷",
            "question": "11. 党的二十大报告指出，问题是时代的声音，回答并指导解决问题是理论的根本任务。今天我们所面临问题的复杂程度、解决问题的艰巨程度明显加大，给理论创新提出了全新要求。这一论述的认识论根据是（   ）\n①发展着的社会实践不断向认识提出新的课题\n②社会实践为认识发展创造了越来越优越的条件\n③满足社会实践的需要是认识的根本目的和归宿\n④社会实践为验证认识正确与否提供了客观标准\nA. ①②\tB. ①③\tC. ②④\tD. ③④",
            "answer": [
                "B"
            ],
            "analysis": "【详解】①：今天我们所面临问题的复杂程度、解决问题的艰巨程度明显加大，给理论创新提出了全新要求，这表明发展着的社会实践不断向认识提出新的课题，①正确。\n②：社会实践为认识发展提供越来越先进的认识工具，提升了人的认识能力，推动认识的发展，因此说社会实践为认识发展创造了越来越优越的条件有其道理，但是材料强调的是社会实践的发展遇到的新情况新问题，推动人们去认识去研究，②不符合题意。\n③：“问题是时代的声音，回答并指导解决问题是理论的根本任务”表明满足社会实践的需要是认识的根本目的和归宿，③正确。\n④：材料没有涉及社会实践的检验标准的功能，④排除。\n故本题选B。",
            "index": 17,
            "score": 4
        },
        {
            "year": "2023",
            "category": "全国乙卷",
            "question": "12. 每当鲜花盛开的季节，赏花者纷至沓来。某公园用“你欣赏花的美丽，花欣赏你的高度”“把花朵留在枝头，让美丽留在心灵”等宣传语，代替“禁止折花”“摘花可耻”等警示语，营造人与自然和谐相处的环境，违规摘花的游客明显减少。该现象反映的哲学道理是（   ）\n①改变人的思想观念就能变革客观现实\n②人的思想观念对人的行为具有导向作用\n③思想观念具有能动性，不受制于客观现实\n④客观现实的变化会引起人的思想观念的改变\nA. ①②\tB. ①③\tC. ②④\tD. ③④",
            "answer": [
                "C"
            ],
            "analysis": "【详解】①：人的思想观念属于意识范畴，不具有直接现实性。人的思想观念发生改变后，必须通过实践才能变革客观现实，①排除。\n②④：公园里的宣传语代表了警示语，营造人与自然和谐相处的环境，违规摘花的游客明显减少，起到了很好的效果，表明客观现实的变化会引起人的思想观念的改变，人的思想观念对人的行为具有导向作用，②④正确。\n③：思想观念具有能动性，能够能动地认识世界和改造世界。但客观现实是客观的，不以人的意志为转移，人们要正确地认识世界和改造世界，就必须使主观符合客观，从客观实际出发。“不受制于客观现实”的说法错误，③排除。\n故本题选C。",
            "index": 18,
            "score": 4
        },
        {
            "year": "2023",
            "category": "新课标卷",
            "question": "1. 马克思和恩格斯共同创立了科学社会主义，实现了社会主义从空想到科学的伟大飞跃。科学社会主义之所以是科学，是因为它（    ）\n①对未来的共产主义社会进行了原则性描述\n②对现存的资本主义社会进行了深刻的批判\n③以唯物史观和剩余价值学说为理论基础\n④找到了实现人类解放的社会力量和正确道路\nA. ①②\tB. ①③\tC. ②④\tD. ③④",
            "answer": [
                "D"
            ],
            "analysis": "【详解】③④：科学社会主义之所以科学，是因为它以唯物史观和剩余价值学说为理论基石，揭示了人类社会的一般规律和资本主义运行的特殊规律，找到了无产阶级这一实现人类解放的社会力量，指明了实现人类彻底解放的正确道路，这也是科学社会主义超越空想社会主义的地方。③④符合题意。\n①②：空想社会主义也对资本主义社会进行了深刻的批判，对未来共产主义社会的图景进行了勾画，但他们主张阶级调和，反对阶级斗争，看不到广大人民群众特别是无产阶级的力量，没有找到社会变革的正确途径，因此这两个选项不能表明科学社会主义相对于空想社会主义的进步性，即不能说明其科学性，①②与题意不符。\n故本题选D。",
            "index": 19,
            "score": 4
        },
        {
            "year": "2023",
            "category": "新课标卷",
            "question": "2. 党的二十大报告强调，继续推进实践基础上的理论创新，首先要把握好新时代中国特色社会主义思想的世界观和方法论，坚持好、运用好贯穿其中的立场观点方法。必须坚持人民至上，必须坚持自信自立，必须坚持守正创新，必须坚持问题导向，必须坚持系统观念，必须坚持胸怀天下。“六个必须坚持”（    ）\n①是新时代继续推进理论创新的科学方法\n②实现了马克思主义中国化时代化新的飞跃\n③是对中国之问、世界之问、人民之问、时代之问的系统回答\n④是深刻领会习近平新时代中国特色社会主义思想必须把握的基本点\nA. ①②\tB. ①④\tC. ②③\tD. ③④",
            "answer": [
                "B"
            ],
            "analysis": "【详解】①④：“六个必须坚持”是新时代继续推进理论创新的科学方法，是深刻理解习近平新时代中国特色社会主义思想必须牢牢把握的基本点，也是继续推进理论创新必须始终坚持的基本点，①④符合题意。\n②：习近平新时代中国特色社会主义思想是当代中国马克思主义，实现了马克思主义中国化新的飞跃。“六个必须坚持”并没有实现马克思主义中国化时代化新的飞跃，该选项夸大了“六个必须坚持”的地位和作用，②排除。\n③：习近平新时代中国特色社会主义思想是对中国之问，世界之问，是人民之问，时代之问的系统回答，③与题意不符。\n故本题选B。",
            "index": 20,
            "score": 4
        },
        {
            "year": "2023",
            "category": "新课标卷",
            "question": "4. 2023年政府工作报告指出，坚持以经济建设为中心，着力推动高质量发展。要实现高质量发展，需要转变发展方式、优化经济结构、转换增长动力。以下能直接促进我国经济结构优化的措施是（    ）\n①坚持实施稳健的货币政策，保持物价水平总体稳定\n②严格执行环保、质量、安全法规标准，淘汰落后产能\n③强化金融稳定保障体系，依法规范和引导资本健康发展\n④提高企业所得税征收中研发费用扣除比例，激发创新活力\nA. ①②\tB. ①③\tC. ②④\tD. ③④",
            "answer": [
                "C"
            ],
            "analysis": "【详解】①：实施稳健的货币政策，保持物价水平总体稳定，与技术创新转型升级、经济结构优化无直接关联，①排除。\n②：材料强调要转变发展方式、优化经济结构、转换增长动力，推动经济高质量发展。这对科技创新与质量提升方面提出了要求。严格执行环保、质量、安全法规标准，淘汰落后产能，能有效促进科技创新与质量提高，促进经济结构优化，②正确。\n③：强化金融稳定与资本健康发展，与技术创新转型升级、经济结构优化无直接关联，③排除。\n④：提高企业所得税征收中研发费用扣除比例，能有效激发企业创新活力，促进技术转型升级，实现科技创新和质量提高，促进经济结构优化，④正确。\n故本题选C。",
            "index": 21,
            "score": 4
        },
        {
            "year": "2023",
            "category": "新课标卷",
            "question": "5. 党的二十届二中全会通过的《党和国家机构改革方案》明确规定，中央社会工作部统一领导全国性行业协会商会党的工作，指导混合所有制企业、非公有制企业和新经济组织、新社会组织、新就业群体党建工作。在上述组织和群体中加强党建工作（    ）\n①是夯实党的执政基础的需要         \n②是对政府机构职责的优化和调整\n③有利于巩固和发展爱国统一战线      \n④能够进一步完善基层群众自治制度\nA. ①②\tB. ①③\tC. ②④\tD. ③④",
            "answer": [
                "B"
            ],
            "analysis": "【详解】①③：党的二十届二中全会通过的《党和国家机构改革方案》明确规定，要在混合所有制企业、非公有制企业和新经济组织、新社会组织、新就业群体加强党建工作。这有利于团结这类企业尤其是民企人士和个体经济人士，这是夯实党的执政基础的需要，有利于巩固和发展爱国统一战线，①③正确。\n②：组建中央社会工作部是深化党中央机构改革的体现，不是对政府机构职责的优化和调整，②与题意不符。\n④：材料中没有涉及完善基层群众自治制度，④排除。\n故本题选B。",
            "index": 22,
            "score": 4
        },
        {
            "year": "2023",
            "category": "新课标卷",
            "question": "6. 《第十三届全国人民代表大会第五次会议关于第十四届全国人民代表大会代表名额和选举问题的决定》规定：第十四届全国人民代表大会代表名额中，按照人口数分配的代表名额为2000名，省、自治区、直辖市根据人口数计算的名额数，按约每70万人分配1名。对上述规定理解正确的有（    ）\n①我国公民享有平等的选举权         \n②全国人大代表通过等额选举产生\n③我国选举制度坚持民主集中制原则   \n④全国人大代表由选民直接选举产生\nA. ①③\tB. ①④\tC. ②③\tD. ②④",
            "answer": [
                "A"
            ],
            "analysis": "【详解】①③：第十三届全国人民代表大会作出了按照人口数分配十四届全国人民代表大会代表名额的相关规定，要求省、自治区、直辖市根据人口数计算名额数，这体现了我国公民享有平等的选举权，也说明我国选举制度坚持民主集中制原则，①③正确。\n②：我国全国人大代表实行的是差额选举，②错误。\n④：我国全国人大代表由选民间接选举产生，④错误。\n故本题选A。",
            "index": 23,
            "score": 4
        },
        {
            "year": "2023",
            "category": "新课标卷",
            "question": "8. 据中国科学院发布的嫦娥五号月球科研样品研究成果，月球最“年轻”玄武岩年龄为20亿年，表明月球在20亿年前仍存在岩浆活动，比以往月球样品限定的岩浆活动时间延长了约8亿年。该成果深化了人类对月球演化历史的认识，可见（    ）\n①科学研究是推动认识发展的强大动力\n②认识的发展是一个不断推翻前人认识的过程\n③在继承基础上不断超越是真理发展的客观规律 \n④科学理论在一定条件下也能够检验认识的真理性\nA. ①②\tB. ①③\tC. ②④\tD. ③④",
            "answer": [
                "B"
            ],
            "analysis": "【详解】①③：中国科学院发布的嫦娥五号月球科研样品研究成果深化了人类对月球演化历史的认识，由此可见，科学研究是推动认识发展的强大动力，同时也说明在继承基础上不断超越是真理发展的客观规律，①③符合题意。\n②：认识的发展是自己否定自己，自己发展自己，并不是一个用新认识否定、代替已有认识的过程，而是对已有认识的超越。“不断推翻前人认识”说法错误，②排除。\n④：实践是检验认识正确与否的唯一标准，科学理论不能够检验认识的真理性，④错误。\n故本题选B。",
            "index": 24,
            "score": 4
        },
        {
            "year": "2023",
            "category": "新课标卷",
            "question": "9. 据商务部统计，2023年1~3月，全国实际使用外资4084.5亿元人民币，同比增长4.9%。高技术产业实际使用外资1567.1亿元人民币，同比增长18%。其中，电子及通信设备制造、科技成果转化服务、研发与设计服务、医药制造领域引资分别增长55.7%、50.3%、24.6%和20.2%。据此可以判断（    ）\n①中国经济加快转型升级，利用外资质量提升\n②中国金融市场更加成熟，外商投资风险降低\n③中国营商环境具有优势，对外资吸引力不减\n④中国经济受外部冲击减弱，对外开放水平提高\nA. ①②\tB. ①③\tC. ②④\tD. ③④",
            "answer": [
                "B"
            ],
            "analysis": "【详解】①③：2023年1~3月，全国实际使用外资同比增长4.9%。其中，高技术产业实际使用外资同比增长18%。据此可以判断中国经济加快转型升级，利用外资质量提升，也可推断出中国营商环境具有优势，对外资吸引力不减，①③符合题意。\n②：中国金融市场更加成熟，利用外资的数量和质量提升，但这并不意味着外商投资风险降低，②错误。\n④：材料没有涉及中国经济受外部冲击减弱。材料中我国使用外资的状况可以说明我国具有一定的抗冲击能力，并不能说明中国经济受外部冲击减弱，④排除。\n故本题选B。",
            "index": 25,
            "score": 4
        },
        {
            "year": "2023",
            "category": "新课标卷",
            "question": "10. 1993年至2023年1月，中国累计派出援助圭亚那医疗队18期263人次，在当地乔治敦公立医院、林登地区医院等开展医疗援助。为了帮助更多圭亚那民众，医疗队多次组织对偏远地区或弱势群体的义诊活动，向孤儿院捐赠物资、赠送玩具和文具，为福利院儿童进行全面健康体检。开展对圭亚那的医疗援助（    ）\n①增进了中圭两国的文化交流        \n②有助于改善圭亚那民生状况\n③强化了中圭两国的同盟关系         \n④创新了南南国家的合作形式\nA. ①②\tB. ①③\tC. ②④\tD. ③④",
            "answer": [
                "A"
            ],
            "analysis": "【详解】①②：中国派出医疗队开展医疗援助，组织义诊活动，捐赠物资、赠送玩具和文具以及健康体检等，有利于增进中圭两国的文化交流，改善圭亚那民生状况，①②正确。\n③：中国奉行独立自主 外交政策，不与任何国家结盟，中圭两国不属于同盟关系，③排除。\n④：中国与圭亚那同属发展中国家，属于南南合作，但材料表明并没有创新合作形式，④排除。\n故本题选A。",
            "index": 26,
            "score": 4
        },
        {
            "year": "2023",
            "category": "新课标卷",
            "question": "11. 某日，夏某到甲餐厅用餐，餐厅员工擅自将其品尝新菜的画面拍摄下来，并将照片作为宣传文章的内容发布在餐厅官方微信公众号上，照片中夏某的脸部和身体特征清晰可辨。夏某得知此事后，要求甲餐厅删除该照片，遭到拒绝。夏某遂向人民法院提起诉讼。对此，下列说法正确的是（    ）\n①甲餐厅侵害了夏某的荣誉权      \n②甲餐厅侵害了夏某的肖像权\n③甲餐厅发布的照片属于物证      \n④夏某与甲餐厅之间的诉讼属于民事诉讼\nA. ①③\tB. ①④\tC. ②③\tD. ②④",
            "answer": [
                "D"
            ],
            "analysis": "【详解】①：荣誉权，是指公民、法人所享有的，因自己的突出贡献或特殊劳动成果而获得的光荣称号或其他荣誉的权利。本案中不涉及夏某的荣誉权，甲餐厅并未侵害夏某的荣誉权，①不符合题意。\n②：公民享有肖像权，未经肖像权人同意，不得制作、使用、公开肖像权人的肖像，但是法律另有规定的除外。本案中，甲餐厅擅自拍摄夏某照片，并在无授权的情况下将该照片发布于微信公众号用作商业宣传，且在夏某提出删除的要求后予以拒绝，主观上具有侵权的故意，故甲餐厅侵害了夏某的肖像权，②正确。\n③：物证是以物品或者文字为表现形式的实物证据，而本案中甲餐厅发布的照片是以数字化形式存储、处理、传输的，且能够证明案件事实的数据，属于电子数据证据，③说法错误。\n④：民事诉讼解决平等主体之间的民事权利和义务纠纷。本案中夏某因肖权被侵害，并与甲餐厅产生人身权利方面的民事纠纷，遂向人民法院提起的诉讼，属于民事诉讼，④正确。\n故本题选D。",
            "index": 27,
            "score": 4
        },
        {
            "year": "2023",
            "category": "新课标卷",
            "question": "12. 无农不稳，无粮则乱。无论社会现代化程度有多高，14亿多人口 粮食和重要农产品稳定供给始终是头等大事。“只有把牢粮食安全主动权，才能把稳强国复兴主动权。”以引文中的判断为前提，可必然推出的结论是（    ）\n①如果把牢了粮食安全主动权，则把稳了强国复兴主动权\n②如果不能把牢粮食安全主动权，则不能把稳强国复兴主动权\n③如果把稳了强国复兴主动权，则把牢了粮食安全主动权\n④如果不能把稳强国复兴主动权，则不能把牢粮食安全主动权\nA. ①②\tB. ①④\tC. ②③\tD. ③④",
            "answer": [
                "C"
            ],
            "analysis": "【详解】“只有把牢粮食安全主动权，才能把稳强国复兴主动权。”是一个必要条件假言判断，以该判断作为前提的推理属于必要条件假言推理。必要条件假言推理有两种有效式：否定前件式和肯定后件式。\n①：该结论中，肯定了前件“把牢粮食安全主动权”，不能必然肯定后件“把稳强国复兴主动权”，属于必要条件假言推理的无效式，推理结构错误，①不符合题意。\n②：该结论的推出使用了否定前件式，否定了前件“把牢粮食安全主动权”，一定能够否定后件“把稳强国复兴主动权”，属于必要条件假言推理的有效式，推理结构有效，结论正确，②符合题意。\n③：该结论的推出使用了肯定后件式，肯定了后件“把稳强国复兴主动权”，一定能够肯定前件“把牢粮食安全主动权”，属于必要条件假言推理的有效式，推理结构有效，结论正确，③符合题意。\n④该结论中，否定了后件“把稳强国复兴主动权”，不能必然否定前件“把牢粮食安全主动权”，属于必要条件假言推理的无效式，推理结构错误，④不符合题意。\n故本题选C。",
            "index": 28,
            "score": 4
        }
    ]
}