{
    "examples": [
        {
            "type": "single_choice",
            "keyword": "2023_Math_MCQs",
            "prefix_prompt": "请你做一道数学选择题\n请你一步一步思考并将思考过程写在【解析】和<eoe>之间。你将从A，B，C，D中选出正确的答案，并写在【答案】和<eoa>之间。\n例如：【答案】: A <eoa>\n完整的题目回答的格式如下：\n【解析】 ... <eoe>\n【答案】 ... <eoa>\n请你严格按照上述格式作答。\n题目如下：",
            "comment": ""
        },
        {
            "type": "single_choice",
            "keyword": "2023_History_MCQs",
            "prefix_prompt": "请你做一道历史选择题\n请你一步一步思考并将思考过程写在【解析】和<eoe>之间。你将从A，B，C，D中选出正确的答案，并写在【答案】和<eoa>之间。\n例如：【答案】: A <eoa>\n完整的题目回答的格式如下：\n【解析】 ... <eoe>\n【答案】 ... <eoa>\n请你严格按照上述格式作答。\n题目如下："
        },
        {
            "type": "single_choice",
            "keyword": "2023_Biology_MCQs",
            "prefix_prompt": "请你做一道生物选择题\n请你一步一步思考并将思考过程写在【解析】和<eoe>之间。你将从A，B，C，D中选出正确的答案，并写在【答案】和<eoa>之间。\n例如：【答案】: A <eoa>\n完整的题目回答的格式如下：\n【解析】 ... <eoe>\n【答案】 ... <eoa>\n请你严格按照上述格式作答。\n题目如下："
        },
        {
            "type": "single_choice",
            "keyword": "2023_Political_Science_MCQs",
            "prefix_prompt": "请你做一道政治选择题\n请你一步一步思考并将思考过程写在【解析】和<eoe>之间。你将从A，B，C，D中选出正确的答案，并写在【答案】和<eoa>之间。\n例如：【答案】: A <eoa>\n完整的题目回答的格式如下：\n【解析】 ... <eoe>\n【答案】 ... <eoa>\n请你严格按照上述格式作答。\n题目如下："
        },
        {
            "type": "multi_choice",
            "keyword": "2023_Physics_MCQs",
            "prefix_prompt": "请你做一道物理选择题。\n请你一步一步思考并将思考过程写在【解析】和<eoe>之间。你将从A，B，C，D中选出所有符合题意的答案，并写在【答案】和<eoa>之间。\n例如：【答案】 AB <eoa>\n完整的题目回答的格式如下：\n【解析】 ... <eoe>\n【答案】... <eoa>\n请你严格按照上述格式作答。\n题目如下："
        },
        {
            "type": "single_choice",
            "keyword": "2023_Chemistry_MCQs",
            "prefix_prompt": "请你做一道化学选择题\n请你一步一步思考并将思考过程写在【解析】和<eoe>之间。你将从A，B，C，D中选出正确的答案，并写在【答案】和<eoa>之间。\n例如：【答案】: A <eoa>\n完整的题目回答的格式如下：\n【解析】 ... <eoe>\n【答案】 ... <eoa>\n请你严格按照上述格式作答。\n题目如下："
        },
        {
            "type": "multi_question_choice",
            "keyword": "2023_Chinese_Modern_Lit",
            "prefix_prompt": "请你做一道语文阅读理解题，其中包含三个小题。\n请你一步一步思考。每一题你将从A，B，C，D中选出正确的答案，并写在【答案】和<eoa>之间。\n例如：（1）【答案】 A <eoa>\n（2）【答案】 B <eoa>\n请你严格按照上述格式作答。\n题目如下："
        },
        {
            "type": "multi_question_choice",
            "keyword": "2023_English_Fill_in_Blanks",
            "prefix_prompt": "请你做一道英语完形填空题,其中包含二十个小题。\n请你一步一步思考。每一题你将从A，B，C，D中选出正确的答案，并写在【答案】和<eoa>之间。\n例如：（1）【答案】 A <eoa>\n（2）【答案】 B <eoa>\n请你严格按照上述格式作答。\n题目如下："
        },
        {
            "type": "five_out_of_seven",
            "keyword": "2023_English_Cloze_Test",
            "prefix_prompt": "请回答下面的问题，将符合题意的五个选项的字母写在【答案】和<eoa>之间，例如“【答案】 A B C D E <eoa>\n请严格按照上述格式作答。\n题目如下："
        },
        {
            "type": "multi_question_choice",
            "keyword": "2023_Geography_MCQs",
            "prefix_prompt": "请你做一道地理选择题，其中包含两到三个小题。\n请你一步一步思考。每一题你将从A，B，C，D中选出正确的答案，并写在【答案】和<eoa>之间。\n例如：（1）【答案】 A <eoa>\n（2）【答案】 B <eoa>\n请你严格按照上述格式作答。\n题目如下："
        },
        {
            "type": "multi_question_choice",
            "keyword": "2023_English_Reading_Comp",
            "prefix_prompt": "请你做一道英语阅读理解题，其中包含三到五个小题。\n请你一步一步思考。每一题你将从A，B，C，D中选出正确的答案，并写在【答案】和<eoa>之间。\n例如：（1）【答案】 A <eoa>\n（2）【答案】 B <eoa>\n请你严格按照上述格式作答。\n题目如下："
        },
        {
            "type": "multi_question_choice",
            "keyword": "2023_Chinese_Lang_and_Usage_MCQs",
            "prefix_prompt": "请你做一道语文选择题\n请你一步一步思考并将思考过程写在【解析】和<eoe>之间。你将从A，B，C，D中选出正确的答案，并写在【答案】和<eoa>之间。\n例如：【答案】: A <eoa>\n完整的题目回答的格式如下：\n（1）【解析】 ... <eoe>\n【答案】 ... <eoa>\n（2）【解析】 ... <eoe>\n【答案】 ... <eoa>\n请你严格按照上述格式作答。如果不止一道题，请分别作答\n题目如下："
        }
    ]
}